"Index","P","O","Input","Retired","Completed","Length11","Verified","Passed"
"1","0","275","12345672121232","14952024","True","True","True","True"
"2","0","291","12345672123212","14333108","True","True","True","True"
"3","0","435","12345672321212","15046842","True","True","True","True"
"4","0","547","12345673131323","14535953","True","True","True","True"
"5","0","555","12345673132313","17204472","True","True","True","True"
"6","0","627","12345673231313","16717704","True","True","True","True"
"7","1","0","12345761111111","10071573","True","True","True","True"
"8","2","5","12346571111231","7453002","True","True","True","True"
"9","3","20","12346751113133","10379483","True","True","True","True"
"10","4","12","12347561112212","9500488","True","True","True","True"
"11","5","0","12347651111111","15763141","True","True","True","True"
"12","5","36","12347651122112","9751257","True","True","True","True"
"13","5","78","12347651133311","8885903","True","True","True","True"
"14","5","247","12347652111221","8009169","True","True","True","True"
"15","5","293","12347652123233","9474454","True","True","True","True"
"16","5","296","12347652123332","11676149","True","True","True","True"
"17","5","374","12347652223232","8837638","True","True","True","True"
"18","5","488","12347653111133","9434482","True","True","True","True"
"19","5","553","12347653132223","8069163","True","True","True","True"
"20","5","556","12347653132322","7885126","True","True","True","True"
"21","5","718","12347653332323","8885121","True","True","True","True"
"22","6","0","12354671111111","11121732","True","True","True","True"
"23","7","16","12354761112323","14711622","True","True","True","True"
"24","7","270","12354762121112","10471773","True","True","True","True"
"25","7","273","12354762121211","11379730","True","True","True","True"
"26","7","406","12354762311123","8552641","True","True","True","True"
"27","7","542","12354763131131","9529095","True","True","True","True"
"28","7","558","12354763133111","8659184","True","True","True","True"
"29","7","568","12354763211123","10143098","True","True","True","True"
"30","8","20","12356471113133","9162164","True","True","True","True"
"31","9","74","12356741133131","12423391","True","True","True","True"
"32","9","182","12356741313131","12930246","True","True","True","True"
"33","9","506","12356743113131","13016066","True","True","True","True"
"34","10","4","12357461111222","10044887","True","True","True","True"
"35","10","26","12357461113331","9665273","True","True","True","True"
"36","10","324","12357462211112","9956908","True","True","True","True"
"37","11","26","12357641113331","9379868","True","True","True","True"
"38","12","12","12364571112212","10457431","True","True","True","True"
"39","13","12","12364751112212","8959509","True","True","True","True"
"40","13","20","12364751113133","9422447","True","True","True","True"
"41","13","650","12364753311131","9044768","True","True","True","True"
"42","14","0","12365471111111","11106790","True","True","True","True"
"43","14","82","12365471211122","9404766","True","True","True","True"
"44","14","180","12365471313113","7786666","True","True","True","True"
"45","14","374","12365472223232","8716312","True","True","True","True"
"46","14","437","12365472321233","10070624","True","True","True","True"
"47","14","636","12365473232312","7922115","True","True","True","True"
"48","14","718","12365473332323","7950520","True","True","True","True"
"49","15","26","12365741113331","9475365","True","True","True","True"
"50","16","53","12367451123333","13976637","True","True","True","True"
"51","16","67","12367451132222","12730609","True","True","True","True"
"52","16","107","12367451213333","13558123","True","True","True","True"
"53","16","175","12367451312222","16575673","True","True","True","True"
"54","16","269","12367452113333","14983978","True","True","True","True"
"55","16","499","12367453112222","13513688","True","True","True","True"
"56","17","12","12367541112212","11719813","True","True","True","True"
"57","17","26","12367541113331","13431313","True","True","True","True"
"58","17","218","12367541331131","8601930","True","True","True","True"
"59","18","30","12374561121212","12967648","True","True","True","True"
"60","18","84","12374561211212","12764131","True","True","True","True"
"61","18","246","12374562111212","15151760","True","True","True","True"
"62","19","4","12374651111222","10499113","True","True","True","True"
"63","20","4","12375461111222","10148123","True","True","True","True"
"64","21","18","12375641113112","9587145","True","True","True","True"
"65","22","4","12376451111222","10686005","True","True","True","True"
"66","22","20","12376451113133","10203874","True","True","True","True"
"67","22","111","12376451221211","8799587","True","True","True","True"
"68","23","16","12376541112323","10637854","True","True","True","True"
"69","23","149","12376541232233","12596128","True","True","True","True"
"70","23","203","12376541322233","8729017","True","True","True","True"
"71","23","275","12376542121232","9712814","True","True","True","True"
"72","23","291","12376542123212","8959788","True","True","True","True"
"73","23","560","12376543133132","7826619","True","True","True","True"
"74","23","563","12376543133231","7783158","True","True","True","True"
"75","33","70","12456731132321","14191948","True","True","True","True"
"76","33","157","12456731233223","8423654","True","True","True","True"
"77","33","619","12456733223321","8479666","True","True","True","True"
"78","37","140","12463751231231","8958599","True","True","True","True"
"79","40","55","12467351131121","8966842","True","True","True","True"
"80","40","142","12467351231321","7768455","True","True","True","True"
"81","42","64","12473561132123","8537568","True","True","True","True"
"82","51","16","12536741112323","9198973","True","True","True","True"
"83","52","225","12537461332112","8562096","True","True","True","True"
"84","54","0","12543671111111","11428513","True","True","True","True"
"85","54","84","12543671211212","8899034","True","True","True","True"
"86","54","216","12543671331113","8165161","True","True","True","True"
"87","54","271","12543672121121","8335271","True","True","True","True"
"88","54","440","12543672321332","8614404","True","True","True","True"
"89","54","446","12543672322232","8348935","True","True","True","True"
"90","54","464","12543672331232","7916638","True","True","True","True"
"91","54","494","12543673111331","8135699","True","True","True","True"
"92","54","601","12543673221323","8524573","True","True","True","True"
"93","54","625","12543673231223","8162114","True","True","True","True"
"94","54","646","12543673233323","10366359","True","True","True","True"
"95","56","116","12546371221331","8501482","True","True","True","True"
"96","60","300","12563472131213","10578463","True","True","True","True"
"97","60","543","12563473131212","9915914","True","True","True","True"
"98","63","694","12564733323122","8137337","True","True","True","True"
"99","65","638","12567433232333","8456113","True","True","True","True"
"100","70","580","12576343212221","10424157","True","True","True","True"
"101","76","63","12637451132111","10001975","True","True","True","True"
"102","76","225","12637451332112","7505330","True","True","True","True"
"103","78","196","12643571321321","8257897","True","True","True","True"
"104","80","55","12645371131121","9267291","True","True","True","True"
"105","91","461","12673542331133","11444951","True","True","True","True"
"106","96","16","12734561112323","9144877","True","True","True","True"
"107","96","203","12734561322233","8061561","True","True","True","True"
"108","96","427","12734562313223","7726928","True","True","True","True"
"109","105","0","12745631111111","27031497","True","True","True","True"
"110","105","244","12745632111122","8889469","True","True","True","True"
"111","105","336","12745632212213","10489081","True","True","True","True"
"112","105","364","12745632222221","8524193","True","True","True","True"
"113","105","390","12745632232211","10137015","True","True","True","True"
"114","105","542","12745633131131","9499927","True","True","True","True"
"115","105","672","12745633313312","8314663","True","True","True","True"
"116","105","674","12745633313333","8866304","True","True","True","True"
"117","105","699","12745633323311","8420618","True","True","True","True"
"118","108","385","12753462231323","9496938","True","True","True","True"
"119","114","446","12763452322232","8575940","True","True","True","True"
"120","119","276","12765432121313","9644788","True","True","True","True"
"121","119","363","12765432222212","14592440","True","True","True","True"
"122","119","516","12765433121213","10939498","True","True","True","True"
"123","119","710","12765433331333","9998712","True","True","True","True"
"124","120","189","13245671321111","9663159","True","True","True","True"
"125","122","0","13246571111111","12228339","True","True","True","True"
"126","122","14","13246571112233","8225546","True","True","True","True"
"127","122","23","13246571113232","12755502","True","True","True","True"
"128","122","440","13246572321332","9661730","True","True","True","True"
"129","122","464","13246572331232","8729923","True","True","True","True"
"130","122","599","13246573221233","9022292","True","True","True","True"
"131","122","679","13246573321223","9197019","True","True","True","True"
"132","123","318","13246752133211","11217579","True","True","True","True"
"133","124","578","13247563212131","9998463","True","True","True","True"
"134","127","203","13254761322233","9510613","True","True","True","True"
"135","127","214","13254761323322","8170746","True","True","True","True"
"136","127","437","13254762321233","11299842","True","True","True","True"
"137","127","694","13254763323122","9667840","True","True","True","True"
"138","131","14","13257641112233","8308316","True","True","True","True"
"139","135","16","13265741112323","13733885","True","True","True","True"
"140","135","303","13265742131312","11732746","True","True","True","True"
"141","136","39","13267451122211","10198837","True","True","True","True"
"142","136","164","13267451311133","8555274","True","True","True","True"
"143","137","2","13267541111132","10893469","True","True","True","True"
"144","137","147","13267541232212","9934929","True","True","True","True"
"145","139","16","13274651112323","12127435","True","True","True","True"
"146","140","14","13275461112233","9146953","True","True","True","True"
"147","140","588","13275463213211","9044933","True","True","True","True"
"148","141","14","13275641112233","11046912","True","True","True","True"
"149","141","16","13275641112323","13741922","True","True","True","True"
"150","141","305","13275642131333","10419498","True","True","True","True"
"151","141","580","13275643212221","11156478","True","True","True","True"
"152","142","21","13276451113211","12002345","True","True","True","True"
"153","142","155","13276451233133","11940363","True","True","True","True"
"154","143","73","13276541133122","8863511","True","True","True","True"
"155","143","105","13276541213312","11907881","True","True","True","True"
"156","143","190","13276541321123","8886175","True","True","True","True"
"157","143","204","13276541322311","11443054","True","True","True","True"
"158","143","207","13276541323112","7476993","True","True","True","True"
"159","143","214","13276541323322","7801315","True","True","True","True"
"160","143","456","13276542323312","8902727","True","True","True","True"
"161","143","694","13276543323122","8605776","True","True","True","True"
"162","156","0","13462571111111","9605705","True","True","True","True"
"163","156","348","13462572213311","7992368","True","True","True","True"
"164","172","81","13527461211113","9537909","True","True","True","True"
"165","174","140","13542671231231","7624422","True","True","True","True"
"166","176","102","13546271213213","8530186","True","True","True","True"
"167","176","140","13546271231231","10992999","True","True","True","True"
"168","176","196","13546271321321","9445439","True","True","True","True"
"169","187","38","13572641122133","12134721","True","True","True","True"
"170","190","174","13576241312213","11837664","True","True","True","True"
"171","190","196","13576241321321","9495892","True","True","True","True"
"172","196","225","13627451332112","8465908","True","True","True","True"
"173","198","112","13642571221223","11250399","True","True","True","True"
"174","198","130","13642571223221","11231764","True","True","True","True"
"175","198","598","13642573221221","12727819","True","True","True","True"
"176","200","116","13645271221331","7905285","True","True","True","True"
"177","203","0","13647521111111","9268252","True","True","True","True"
"178","214","16","13675241112323","10144900","True","True","True","True"
"179","214","465","13675242331313","9126498","True","True","True","True"
"180","219","470","13725642332132","9378771","True","True","True","True"
"181","230","295","13754262123323","18090185","True","True","True","True"
"182","234","196","13762451321321","7914246","True","True","True","True"
"183","236","87","13764251211311","7275628","True","True","True","True"
"184","236","455","13764252323231","8417241","True","True","True","True"
"185","239","273","13765422121211","11276197","True","True","True","True"
"186","253","55","14263751131121","8493766","True","True","True","True"
"187","256","196","14267351321321","8592868","True","True","True","True"
"188","261","694","14275633323122","9156299","True","True","True","True"
"189","264","0","14325671111111","31385757","True","True","True","True"
"190","264","253","14325672112121","8321389","True","True","True","True"
"191","264","385","14325672231323","8616444","True","True","True","True"
"192","264","454","14325672323222","8403594","True","True","True","True"
"193","264","536","14325673123232","8592823","True","True","True","True"
"194","264","638","14325673232333","8071709","True","True","True","True"
"195","264","650","14325673311131","9778790","True","True","True","True"
"196","269","300","14327652131213","9369209","True","True","True","True"
"197","269","516","14327653121213","9964439","True","True","True","True"
"198","270","333","14352672212111","8972114","True","True","True","True"
"199","273","16","14356721112323","9325977","True","True","True","True"
"200","273","203","14356721322233","10902157","True","True","True","True"
"201","280","446","14367252322232","8632518","True","True","True","True"
"202","281","648","14367523311113","15165481","True","True","True","True"
"203","288","276","14523672121313","9631242","True","True","True","True"
"204","288","519","14523673121312","11621298","True","True","True","True"
"205","293","33","14527631121311","8935119","True","True","True","True"
"206","293","57","14527631131211","8609415","True","True","True","True"
"207","293","78","14527631133311","8313774","True","True","True","True"
"208","293","83","14527631211131","9403687","True","True","True","True"
"209","293","163","14527631311121","9273889","True","True","True","True"
"210","293","282","14527632122213","9366078","True","True","True","True"
"211","293","333","14527632212111","9516097","True","True","True","True"
"212","293","485","14527632333332","11195374","True","True","True","True"
"213","293","556","14527633132322","8689417","True","True","True","True"
"214","293","659","14527633312133","8953569","True","True","True","True"
"215","296","654","14536273311311","10013794","True","True","True","True"
"216","299","385","14537622231323","8831014","True","True","True","True"
"217","302","454","14563272323222","8149615","True","True","True","True"
"218","304","174","14567231312213","11842905","True","True","True","True"
"219","304","190","14567231321123","10115907","True","True","True","True"
"220","308","234","14573261333111","9653749","True","True","True","True"
"221","315","0","14625731111111","12063135","True","True","True","True"
"222","315","55","14625731131121","9579089","True","True","True","True"
"223","315","203","14625731322233","8634397","True","True","True","True"
"224","315","253","14625732112121","9073242","True","True","True","True"
"225","315","268","14625732113321","10117384","True","True","True","True"
"226","315","349","14625732213323","8540881","True","True","True","True"
"227","315","396","14625732233111","9395787","True","True","True","True"
"228","315","558","14625733133111","8459549","True","True","True","True"
"229","318","0","14632571111111","14772947","True","True","True","True"
"230","318","191","14632571321132","8713600","True","True","True","True"
"231","325","683","14652733321331","9417551","True","True","True","True"
"232","332","0","14673251111111","11772615","True","True","True","True"
"233","337","3","14723651111213","8529712","True","True","True","True"
"234","337","6","14723651111312","10847279","True","True","True","True"
"235","337","11","14723651112131","8596940","True","True","True","True"
"236","337","19","14723651113121","8240078","True","True","True","True"
"237","337","84","14723651211212","7846428","True","True","True","True"
"238","337","442","14723652322121","7314185","True","True","True","True"
"239","337","464","14723652331232","9021825","True","True","True","True"
"240","337","634","14723653232222","8194262","True","True","True","True"
"241","337","666","14723653313111","8501388","True","True","True","True"
"242","337","681","14723653321313","10403575","True","True","True","True"
"243","338","0","14725361111111","9761078","True","True","True","True"
"244","338","1","14725361111123","8500700","True","True","True","True"
"245","338","206","14725361322332","9125812","True","True","True","True"
"246","338","325","14725362211121","10565930","True","True","True","True"
"247","338","570","14725363211213","8251351","True","True","True","True"
"248","338","586","14725363213121","7998211","True","True","True","True"
"249","338","615","14725363223213","8412195","True","True","True","True"
"250","338","648","14725363311113","10765328","True","True","True","True"
"251","341","127","14726531223122","9371347","True","True","True","True"
"252","341","145","14726531232122","9391034","True","True","True","True"
"253","341","159","14726531233313","8363053","True","True","True","True"
"254","341","240","14726531333312","7780124","True","True","True","True"
"255","341","393","14726532232313","9667199","True","True","True","True"
"256","341","694","14726533323122","8176971","True","True","True","True"
"257","345","108","14735621221112","8440071","True","True","True","True"
"258","345","126","14735621223113","7790836","True","True","True","True"
"259","345","134","14735621223332","12331430","True","True","True","True"
"260","345","153","14735621233112","10375882","True","True","True","True"
"261","345","207","14735621323112","9879011","True","True","True","True"
"262","345","225","14735621332112","7650217","True","True","True","True"
"263","345","234","14735621333111","8164937","True","True","True","True"
"264","345","238","14735621333222","7648432","True","True","True","True"
"265","346","2","14736251111132","9136696","True","True","True","True"
"266","346","17","14736251112332","8412082","True","True","True","True"
"267","346","607","14736253222223","8522833","True","True","True","True"
"268","347","67","14736521132222","9236693","True","True","True","True"
"269","347","74","14736521133131","9109173","True","True","True","True"
"270","347","84","14736521211212","8734100","True","True","True","True"
"271","347","107","14736521213333","8941770","True","True","True","True"
"272","347","114","14736521221313","9243005","True","True","True","True"
"273","347","194","14736521321231","12514397","True","True","True","True"
"274","347","203","14736521322233","8343082","True","True","True","True"
"275","347","226","14736521332121","10511551","True","True","True","True"
"276","347","499","14736523112222","9288001","True","True","True","True"
"277","347","506","14736523113131","8757050","True","True","True","True"
"278","348","604","14752363222121","8044979","True","True","True","True"
"279","348","634","14752363232222","10352122","True","True","True","True"
"280","348","641","14752363233131","9214759","True","True","True","True"
"281","349","0","14752631111111","11439350","True","True","True","True"
"282","349","15","14752631112311","9486008","True","True","True","True"
"283","349","211","14752631323223","8408275","True","True","True","True"
"284","349","470","14752632332132","8127254","True","True","True","True"
"285","349","589","14752633213223","8278905","True","True","True","True"
"286","349","607","14752633222223","8829115","True","True","True","True"
"287","349","613","14752633223123","8547214","True","True","True","True"
"288","349","617","14752633223231","9270425","True","True","True","True"
"289","350","108","14753261221112","8366585","True","True","True","True"
"290","350","207","14753261323112","10385654","True","True","True","True"
"291","350","234","14753261333111","8385658","True","True","True","True"
"292","354","116","14762351221331","9615836","True","True","True","True"
"293","354","194","14762351321231","10318209","True","True","True","True"
"294","354","220","14762351331221","7883966","True","True","True","True"
"295","356","112","14763251221223","14771853","True","True","True","True"
"296","356","123","14763251222312","13722044","True","True","True","True"
"297","356","233","14763251332331","12959028","True","True","True","True"
"298","356","235","14763251333123","12243922","True","True","True","True"
"299","356","442","14763252322121","11868906","True","True","True","True"
"300","356","554","14763253132232","11660835","True","True","True","True"
"301","356","560","14763253133132","11649880","True","True","True","True"
"302","356","562","14763253133222","12626488","True","True","True","True"
"303","356","563","14763253133231","12217274","True","True","True","True"
"304","356","598","14763253221221","11751059","True","True","True","True"
"305","356","603","14763253222112","13474399","True","True","True","True"
"306","357","21","14763521113211","9288205","True","True","True","True"
"307","357","22","14763521113223","8492662","True","True","True","True"
"308","357","611","14763523222331","7163869","True","True","True","True"
"309","358","3","14765231111213","9190939","True","True","True","True"
"310","358","6","14765231111312","9585971","True","True","True","True"
"311","358","11","14765231112131","8955721","True","True","True","True"
"312","358","19","14765231113121","8192403","True","True","True","True"
"313","358","74","14765231133131","8277156","True","True","True","True"
"314","358","327","14765232211211","8445926","True","True","True","True"
"315","358","394","14765232232322","8379095","True","True","True","True"
"316","358","465","14765232331313","8393311","True","True","True","True"
"317","358","506","14765233113131","7915974","True","True","True","True"
"318","358","701","14765233323332","8446681","True","True","True","True"
"319","362","0","15236471111111","10850991","True","True","True","True"
"320","362","622","15236473231121","7560827","True","True","True","True"
"321","366","220","15243671331221","8494068","True","True","True","True"
"322","368","224","15246371331332","11696101","True","True","True","True"
"323","368","233","15246371332331","11324613","True","True","True","True"
"324","368","467","15246372331331","11180481","True","True","True","True"
"325","377","126","15267431223113","8525969","True","True","True","True"
"326","379","16","15273641112323","10594662","True","True","True","True"
"327","384","510","15324673113311","14567944","True","True","True","True"
"328","390","87","15342671211311","7275706","True","True","True","True"
"329","392","196","15346271321321","7794464","True","True","True","True"
"330","401","81","15367421211113","10340676","True","True","True","True"
"331","401","126","15367421223113","7709770","True","True","True","True"
"332","401","568","15367423211123","8946945","True","True","True","True"
"333","410","0","15426371111111","9607403","True","True","True","True"
"334","410","14","15426371112233","8471111","True","True","True","True"
"335","422","180","15463271313113","9427999","True","True","True","True"
"336","435","291","15624732123212","11505510","True","True","True","True"
"337","435","321","15624732133313","9590213","True","True","True","True"
"338","435","485","15624732333332","9001586","True","True","True","True"
"339","437","126","15627431223113","7711139","True","True","True","True"
"340","437","198","15627431322113","10574017","True","True","True","True"
"341","437","225","15627431332112","7857171","True","True","True","True"
"342","441","296","15634722123332","12223822","True","True","True","True"
"343","441","437","15634722321233","8869843","True","True","True","True"
"344","443","568","15637423211123","9978963","True","True","True","True"
"345","444","0","15642371111111","20390962","True","True","True","True"
"346","444","348","15642372213311","8735801","True","True","True","True"
"347","444","386","15642372231332","9000874","True","True","True","True"
"348","444","466","15642372331322","8379758","True","True","True","True"
"349","444","582","15642373212311","8564141","True","True","True","True"
"350","444","601","15642373221323","9080343","True","True","True","True"
"351","444","625","15642373231223","10275009","True","True","True","True"
"352","446","116","15643271221331","8267882","True","True","True","True"
"353","446","220","15643271331221","8774716","True","True","True","True"
"354","446","612","15643273223111","7778824","True","True","True","True"
"355","448","590","15647233213232","7760381","True","True","True","True"
"356","450","23","15672341113232","10029377","True","True","True","True"
"357","450","207","15672341323112","7951430","True","True","True","True"
"358","450","456","15672342323312","9146305","True","True","True","True"
"359","450","590","15672343213232","7764735","True","True","True","True"
"360","451","659","15672433312133","10975363","True","True","True","True"
"361","458","335","15724362212132","10593054","True","True","True","True"
"362","459","0","15724631111111","9946916","True","True","True","True"
"363","459","87","15724631211311","8098366","True","True","True","True"
"364","459","203","15724631322233","9147313","True","True","True","True"
"365","459","293","15724632123233","11443805","True","True","True","True"
"366","459","427","15724632313223","8461924","True","True","True","True"
"367","459","455","15724632323231","9390241","True","True","True","True"
"368","459","458","15724632323333","9327722","True","True","True","True"
"369","459","556","15724633132322","7843863","True","True","True","True"
"370","465","463","15734622331223","9377527","True","True","True","True"
"371","473","0","15746321111111","12535740","True","True","True","True"
"372","473","210","15746321323211","7491081","True","True","True","True"
"373","473","423","15746322313112","7033163","True","True","True","True"
"374","474","282","15762342122213","13045500","True","True","True","True"
"375","476","0","15763241111111","11129006","True","True","True","True"
"376","476","452","15763242323132","7965097","True","True","True","True"
"377","486","65","16243571132132","7936859","True","True","True","True"
"378","486","140","16243571231231","8562651","True","True","True","True"
"379","486","196","16243571321321","8206920","True","True","True","True"
"380","488","140","16245371231231","8875855","True","True","True","True"
"381","495","661","16254733312223","15353972","True","True","True","True"
"382","497","63","16257431132111","9034910","True","True","True","True"
"383","497","613","16257433223123","7657292","True","True","True","True"
"384","499","38","16273541122133","12979361","True","True","True","True"
"385","499","196","16273541321321","11466627","True","True","True","True"
"386","502","174","16275341312213","10811173","True","True","True","True"
"387","502","526","16275343122221","8853832","True","True","True","True"
"388","508","638","16327453232333","8309705","True","True","True","True"
"389","510","220","16342571331221","8778779","True","True","True","True"
"390","512","0","16345271111111","19012452","True","True","True","True"
"391","512","74","16345271133131","8559572","True","True","True","True"
"392","512","117","16345271222111","9341627","True","True","True","True"
"393","512","446","16345272322232","9025685","True","True","True","True"
"394","512","480","16345272333212","8218488","True","True","True","True"
"395","512","529","16345273122323","10020704","True","True","True","True"
"396","512","646","16345273233323","10748596","True","True","True","True"
"397","514","303","16347252131312","12120604","True","True","True","True"
"398","514","519","16347253121312","11473745","True","True","True","True"
"399","521","126","16357421223113","8857430","True","True","True","True"
"400","525","16","16374521112323","9379987","True","True","True","True"
"401","525","568","16374523211123","8344977","True","True","True","True"
"402","528","253","16423572112121","9941737","True","True","True","True"
"403","533","87","16427531211311","7977797","True","True","True","True"
"404","533","142","16427531231321","8805887","True","True","True","True"
"405","533","482","16427532333233","14508317","True","True","True","True"
"406","542","0","16453271111111","12043458","True","True","True","True"
"407","542","81","16453271211113","8045029","True","True","True","True"
"408","542","245","16453272111131","8132478","True","True","True","True"
"409","550","555","16475233132313","11997014","True","True","True","True"
"410","552","718","16523473332323","8250010","True","True","True","True"
"411","553","12","16523741112212","9664745","True","True","True","True"
"412","555","12","16524731112212","11167439","True","True","True","True"
"413","555","14","16524731112233","9594190","True","True","True","True"
"414","555","20","16524731113133","9496573","True","True","True","True"
"415","556","0","16527341111111","9428950","True","True","True","True"
"416","557","53","16527431123333","13988847","True","True","True","True"
"417","557","119","16527431222132","14542145","True","True","True","True"
"418","557","175","16527431312222","15775918","True","True","True","True"
"419","557","237","16527431333213","12487575","True","True","True","True"
"420","557","269","16527432113333","12671713","True","True","True","True"
"421","557","331","16527432211322","14620400","True","True","True","True"
"422","557","379","16527432231122","13144553","True","True","True","True"
"423","557","386","16527432231332","12543900","True","True","True","True"
"424","557","466","16527432331322","13407425","True","True","True","True"
"425","557","477","16527432333113","13050343","True","True","True","True"
"426","557","659","16527433312133","12812004","True","True","True","True"
"427","558","4","16532471111222","10711761","True","True","True","True"
"428","560","0","16534271111111","10584706","True","True","True","True"
"429","560","2","16534271111132","7896364","True","True","True","True"
"430","560","567","16534273211111","9921768","True","True","True","True"
"431","561","568","16534723211123","12973094","True","True","True","True"
"432","563","4","16537421111222","8751563","True","True","True","True"
"433","563","25","16537421113322","8833609","True","True","True","True"
"434","563","26","16537421113331","9295761","True","True","True","True"
"435","563","126","16537421223113","7712150","True","True","True","True"
"436","563","153","16537421233112","10843757","True","True","True","True"
"437","563","225","16537421332112","7813181","True","True","True","True"
"438","564","116","16542371221331","7350670","True","True","True","True"
"439","564","220","16542371331221","8144405","True","True","True","True"
"440","564","260","16542372112331","11338562","True","True","True","True"
"441","566","112","16543271221223","15506760","True","True","True","True"
"442","566","130","16543271223221","11553093","True","True","True","True"
"443","566","224","16543271331332","12518486","True","True","True","True"
"444","566","233","16543271332331","12646978","True","True","True","True"
"445","566","467","16543272331331","11702568","True","True","True","True"
"446","566","598","16543273221221","12482139","True","True","True","True"
"447","567","0","16543721111111","9665237","True","True","True","True"
"448","567","21","16543721113211","7918582","True","True","True","True"
"449","568","718","16547233332323","9111611","True","True","True","True"
"450","569","26","16547321113331","11410671","True","True","True","True"
"451","571","0","16572431111111","10935727","True","True","True","True"
"452","571","589","16572433213223","7866315","True","True","True","True"
"453","572","46","16573241123123","9197978","True","True","True","True"
"454","572","177","16573241312312","8278688","True","True","True","True"
"455","574","20","16574231113133","9714208","True","True","True","True"
"456","576","38","16723451122133","9737305","True","True","True","True"
"457","576","204","16723451322311","8630777","True","True","True","True"
"458","581","33","16725431121311","8253933","True","True","True","True"
"459","581","57","16725431131211","8516671","True","True","True","True"
"460","581","82","16725431211122","8593148","True","True","True","True"
"461","581","83","16725431211131","10563145","True","True","True","True"
"462","581","163","16725431311121","7984852","True","True","True","True"
"463","581","325","16725432211121","9454900","True","True","True","True"
"464","581","391","16725432232223","8299208","True","True","True","True"
"465","581","510","16725433113311","8508679","True","True","True","True"
"466","581","525","16725433122212","8034334","True","True","True","True"
"467","581","725","16725433333232","7645149","True","True","True","True"
"468","586","282","16735242122213","11495978","True","True","True","True"
"469","588","393","16742352232313","10235622","True","True","True","True"
"470","590","454","16743252323222","8376402","True","True","True","True"
"471","592","276","16745232121313","9811417","True","True","True","True"
"472","592","283","16745232122222","9123700","True","True","True","True"
"473","592","516","16745233121213","9009579","True","True","True","True"
"474","592","726","16745233333313","13056483","True","True","True","True"
"475","596","108","16753241221112","9943807","True","True","True","True"
"476","610","0","17246351111111","9394378","True","True","True","True"
"477","623","492","17265433111313","14294780","True","True","True","True"
"478","624","88","17324561211323","9878322","True","True","True","True"
"479","624","152","17324561232332","7195190","True","True","True","True"
"480","628","333","17326452212111","15189029","True","True","True","True"
"481","640","96","17356241212313","7319738","True","True","True","True"
"482","640","332","17356242211331","11602618","True","True","True","True"
"483","642","87","17362451211311","7185942","True","True","True","True"
"484","642","142","17362451231321","8080069","True","True","True","True"
"485","642","348","17362452213311","12422010","True","True","True","True"
"486","644","140","17364251231231","9638213","True","True","True","True"
"487","649","590","17423653213232","8174938","True","True","True","True"
"488","651","36","17425631122112","8785070","True","True","True","True"
"489","651","126","17425631223113","7877677","True","True","True","True"
"490","651","180","17425631313113","8547547","True","True","True","True"
"491","651","198","17425631322113","10055971","True","True","True","True"
"492","651","206","17425631322332","11814366","True","True","True","True"
"493","651","207","17425631323112","10169524","True","True","True","True"
"494","651","211","17425631323223","8273071","True","True","True","True"
"495","651","225","17425631332112","8073762","True","True","True","True"
"496","653","14","17426531112233","8773540","True","True","True","True"
"497","653","30","17426531121212","9887951","True","True","True","True"
"498","653","69","17426531132312","9675783","True","True","True","True"
"499","653","100","17426531213123","10546753","True","True","True","True"
"500","653","130","17426531223221","7764099","True","True","True","True"
"501","653","149","17426531232233","12333560","True","True","True","True"
"502","653","182","17426531313131","9919839","True","True","True","True"
"503","653","224","17426531331332","8144627","True","True","True","True"
"504","653","273","17426532121211","9022622","True","True","True","True"
"505","653","467","17426532331331","8935831","True","True","True","True"
"506","657","326","17435622211133","11843059","True","True","True","True"
"507","657","568","17435623211123","12759196","True","True","True","True"
"508","659","212","17436521323232","7779844","True","True","True","True"
"509","660","590","17452363213232","7848589","True","True","True","True"
"510","660","686","17452363322132","7903688","True","True","True","True"
"511","661","590","17452633213232","10143295","True","True","True","True"
"512","662","326","17453262211133","9003231","True","True","True","True"
"513","666","348","17462352213311","9363906","True","True","True","True"
"514","668","36","17463251122112","8674066","True","True","True","True"
"515","668","116","17463251221331","7314484","True","True","True","True"
"516","668","180","17463251313113","8421550","True","True","True","True"
"517","668","194","17463251321231","9095077","True","True","True","True"
"518","668","207","17463251323112","10378567","True","True","True","True"
"519","668","220","17463251331221","7767465","True","True","True","True"
"520","677","55","17526431131121","8722526","True","True","True","True"
"521","677","142","17526431231321","9191318","True","True","True","True"
"522","677","293","17526432123233","12160801","True","True","True","True"
"523","686","0","17543261111111","12409541","True","True","True","True"
"524","686","63","17543261132111","7901447","True","True","True","True"
"525","709","0","17642531111111","9366308","True","True","True","True"
"526","709","14","17642531112233","11244483","True","True","True","True"
"527","709","660","17642533312211","8000518","True","True","True","True"
"528","710","36","17643251122112","9480848","True","True","True","True"
"529","720","0","21345671111111","11680854","True","True","True","True"
"530","721","376","21345762223322","13960374","True","True","True","True"
"531","721","421","21345762312323","11029793","True","True","True","True"
"532","721","427","21345762313223","9920510","True","True","True","True"
"533","721","716","21345763332233","10639155","True","True","True","True"
"534","723","430","21346752313322","11865064","True","True","True","True"
"535","724","421","21347562312323","14847341","True","True","True","True"
"536","726","36","21354671122112","8666387","True","True","True","True"
"537","726","60","21354671131313","10672912","True","True","True","True"
"538","726","108","21354671221112","8811086","True","True","True","True"
"539","726","406","21354672311123","9761286","True","True","True","True"
"540","726","407","21354672311132","10705414","True","True","True","True"
"541","726","426","21354672313211","30294542","True","True","True","True"
"542","726","540","21354673131113","10617421","True","True","True","True"
"543","727","14","21354761112233","9060845","True","True","True","True"
"544","727","15","21354761112311","8458916","True","True","True","True"
"545","727","21","21354761113211","9382519","True","True","True","True"
"546","727","25","21354761113322","8588721","True","True","True","True"
"547","727","39","21354761122211","11269519","True","True","True","True"
"548","727","78","21354761133311","9452299","True","True","True","True"
"549","727","348","21354762213311","7910093","True","True","True","True"
"550","727","660","21354763312211","8451856","True","True","True","True"
"551","730","405","21357462311111","11703483","True","True","True","True"
"552","730","593","21357463213331","10829400","True","True","True","True"
"553","731","353","21357642221132","11287154","True","True","True","True"
"554","733","405","21364752311111","10129238","True","True","True","True"
"555","733","579","21364753212212","9538081","True","True","True","True"
"556","735","357","21365742221312","8269830","True","True","True","True"
"557","735","421","21365742312323","10006749","True","True","True","True"
"558","736","170","21367451311331","8580225","True","True","True","True"
"559","736","252","21367452112112","8428847","True","True","True","True"
"560","739","721","21374653333121","9383530","True","True","True","True"
"561","740","419","21375462312233","9199046","True","True","True","True"
"562","740","723","21375463333211","9975091","True","True","True","True"
"563","743","1","21376541111123","9004099","True","True","True","True"
"564","743","15","21376541112311","8693499","True","True","True","True"
"565","743","39","21376541122211","11826407","True","True","True","True"
"566","743","56","21376541131133","9207741","True","True","True","True"
"567","755","190","21457631321123","12268092","True","True","True","True"
"568","762","708","21473563331312","10970951","True","True","True","True"
"569","771","362","21536742222131","10810469","True","True","True","True"
"570","806","385","21654372231323","9510134","True","True","True","True"
"571","806","403","21654372233321","8682452","True","True","True","True"
"572","806","712","21654373332122","8543848","True","True","True","True"
"573","806","715","21654373332221","8485093","True","True","True","True"
"574","817","290","21734652123131","8339472","True","True","True","True"
"575","844","290","23147562123131","12072333","True","True","True","True"
"576","845","16","23147651112323","9954031","True","True","True","True"
"577","845","421","23147652312323","8676685","True","True","True","True"
"578","848","119","23156471222132","9330360","True","True","True","True"
"579","848","236","23156471333132","7906047","True","True","True","True"
"580","848","701","23156473323332","8774410","True","True","True","True"
"581","850","143","23157461231333","9898582","True","True","True","True"
"582","850","298","23157462131123","12346376","True","True","True","True"
"583","852","587","23164573213133","9896090","True","True","True","True"
"584","853","303","23164752131312","9446059","True","True","True","True"
"585","853","726","23164753333313","9193252","True","True","True","True"
"586","854","0","23165471111111","9987984","True","True","True","True"
"587","854","164","23165471311133","9026284","True","True","True","True"
"588","854","173","23165471312132","8394744","True","True","True","True"
"589","854","244","23165472111122","9422486","True","True","True","True"
"590","854","251","23165472111332","8057801","True","True","True","True"
"591","854","314","23165472132332","9270193","True","True","True","True"
"592","854","405","23165472311111","8633034","True","True","True","True"
"593","854","643","23165473233221","10214583","True","True","True","True"
"594","855","16","23165741112323","12523451","True","True","True","True"
"595","855","141","23165741231312","11395358","True","True","True","True"
"596","855","290","23165742123131","11308593","True","True","True","True"
"597","855","304","23165742131321","13930531","True","True","True","True"
"598","855","305","23165742131333","16292839","True","True","True","True"
"599","855","421","23165742312323","11275940","True","True","True","True"
"600","855","708","23165743331312","16335937","True","True","True","True"
"601","857","160","23167541233322","9474013","True","True","True","True"
"602","857","301","23167542131222","9375220","True","True","True","True"
"603","859","290","23174652123131","9811224","True","True","True","True"
"604","860","571","23175463211222","10245043","True","True","True","True"
"605","862","310","23176452132221","9434919","True","True","True","True"
"606","862","716","23176453332233","10041466","True","True","True","True"
"607","867","273","23416752121211","12687219","True","True","True","True"
"608","868","631","23417563232123","8379882","True","True","True","True"
"609","872","584","23456173212332","7292830","True","True","True","True"
"610","872","640","23456173233122","9312577","True","True","True","True"
"611","873","584","23456713212332","7586055","True","True","True","True"
"612","884","270","23475162121112","11884251","True","True","True","True"
"613","892","305","23517462131333","12791288","True","True","True","True"
"614","911","403","23576412233321","8464185","True","True","True","True"
"615","911","421","23576412312323","8123363","True","True","True","True"
"616","928","270","23657142121112","12881154","True","True","True","True"
"617","930","287","23671452122333","17727070","True","True","True","True"
"618","932","637","23674153232321","7669748","True","True","True","True"
"619","948","64","23751461132123","7326959","True","True","True","True"
"620","948","502","23751463112321","7411070","True","True","True","True"
"621","952","611","23756143222331","9249576","True","True","True","True"
"622","953","123","23756411222312","11433454","True","True","True","True"
"623","953","603","23756413222112","11954664","True","True","True","True"
"624","953","618","23756413223312","11461966","True","True","True","True"
"625","953","690","23756413322312","12002354","True","True","True","True"
"626","966","437","24153672321233","9394967","True","True","True","True"
"627","970","183","24157361313212","8572289","True","True","True","True"
"628","970","450","24157362323111","8447857","True","True","True","True"
"629","976","554","24167353132232","12405196","True","True","True","True"
"630","979","455","24173652323231","7820291","True","True","True","True"
"631","984","654","24315673311311","14822987","True","True","True","True"
"632","985","43","24315761122322","10307734","True","True","True","True"
"633","985","349","24315762213323","9407476","True","True","True","True"
"634","990","93","24351671212211","11808524","True","True","True","True"
"635","990","488","24351673111133","12015484","True","True","True","True"
"636","990","654","24351673311311","13914391","True","True","True","True"
"637","991","1","24351761111123","14236906","True","True","True","True"
"638","991","95","24351761212232","10045237","True","True","True","True"
"639","1001","207","24367511323112","10508949","True","True","True","True"
"640","1001","487","24367513111121","7860004","True","True","True","True"
"641","1007","361","24376512222122","12894467","True","True","True","True"
"642","1011","396","24516732233111","9597764","True","True","True","True"
"643","1014","532","24531673123121","10738451","True","True","True","True"
"644","1017","626","24536713231232","9568175","True","True","True","True"
"645","1019","628","24537613231322","12434646","True","True","True","True"
"646","1020","245","24561372111131","9377153","True","True","True","True"
"647","1023","30","24563711121212","11913310","True","True","True","True"
"648","1023","275","24563712121232","12006655","True","True","True","True"
"649","1023","517","24563713121222","15398248","True","True","True","True"
"650","1026","354","24571362221213","11106242","True","True","True","True"
"651","1027","30","24571631121212","11070236","True","True","True","True"
"652","1034","17","24615371112332","8891558","True","True","True","True"
"653","1034","348","24615372213311","16860731","True","True","True","True"
"654","1035","42","24615731122313","11700428","True","True","True","True"
"655","1035","71","24615731132333","16030153","True","True","True","True"
"656","1035","250","24615732111323","14150782","True","True","True","True"
"657","1035","348","24615732213311","9654304","True","True","True","True"
"658","1035","403","24615732233321","11476749","True","True","True","True"
"659","1035","511","24615733113323","16491458","True","True","True","True"
"660","1035","649","24615733311122","10067723","True","True","True","True"
"661","1037","403","24617532233321","12801940","True","True","True","True"
"662","1043","407","24637512311132","12006488","True","True","True","True"
"663","1045","22","24651731113223","9369752","True","True","True","True"
"664","1045","242","24651731333333","8436345","True","True","True","True"
"665","1058","656","24715363311332","10106100","True","True","True","True"
"666","1059","0","24715631111111","10664642","True","True","True","True"
"667","1059","37","24715631122121","10590697","True","True","True","True"
"668","1059","38","24715631122133","8525324","True","True","True","True"
"669","1059","427","24715632313223","7731359","True","True","True","True"
"670","1059","495","24715633112111","7608821","True","True","True","True"
"671","1059","542","24715633131131","10322388","True","True","True","True"
"672","1061","455","24716532323231","11979029","True","True","True","True"
"673","1062","0","24731561111111","14900375","True","True","True","True"
"674","1062","410","24731562311231","8671304","True","True","True","True"
"675","1067","368","24736512222332","12468452","True","True","True","True"
"676","1068","356","24751362221231","15427364","True","True","True","True"
"677","1068","432","24751362321113","18592864","True","True","True","True"
"678","1075","112","24761531221223","12064040","True","True","True","True"
"679","1076","0","24763151111111","9954492","True","True","True","True"
"680","1079","603","24765313222112","10169945","True","True","True","True"
"681","1080","403","25134672233321","8391916","True","True","True","True"
"682","1080","421","25134672312323","8057275","True","True","True","True"
"683","1080","426","25134672313211","10805384","True","True","True","True"
"684","1084","0","25137461111111","10862521","True","True","True","True"
"685","1084","88","25137461211323","7477564","True","True","True","True"
"686","1093","16","25163741112323","9889473","True","True","True","True"
"687","1104","492","25314673111313","20156656","True","True","True","True"
"688","1104","494","25314673111331","19266727","True","True","True","True"
"689","1104","546","25314673131311","19912575","True","True","True","True"
"690","1110","510","25341673113311","16647464","True","True","True","True"
"691","1111","427","25341762313223","14078843","True","True","True","True"
"692","1118","410","25364172311231","15358261","True","True","True","True"
"693","1118","617","25364173223231","7265463","True","True","True","True"
"694","1121","82","25367411211122","10278328","True","True","True","True"
"695","1128","450","25413672323111","15458136","True","True","True","True"
"696","1129","517","25413763121222","10750580","True","True","True","True"
"697","1137","168","25436711311313","9084446","True","True","True","True"
"698","1137","289","25436712123122","8447011","True","True","True","True"
"699","1137","296","25436712123332","9356865","True","True","True","True"
"700","1137","307","25436712132122","9255200","True","True","True","True"
"701","1137","455","25436712323231","8440519","True","True","True","True"
"702","1137","637","25436713232321","9077981","True","True","True","True"
"703","1137","712","25436713332122","8605887","True","True","True","True"
"704","1143","584","25463713212332","9541747","True","True","True","True"
"705","1146","452","25471362323132","8998329","True","True","True","True"
"706","1147","174","25471631312213","13548901","True","True","True","True"
"707","1159","91","25631741212121","16599533","True","True","True","True"
"708","1161","680","25634713321232","10463598","True","True","True","True"
"709","1164","101","25641371213132","10100342","True","True","True","True"
"710","1179","290","25714632123131","10776514","True","True","True","True"
"711","1179","377","25714632223331","9561284","True","True","True","True"
"712","1179","426","25714632313211","26732729","True","True","True","True"
"713","1179","521","25714633121333","10450494","True","True","True","True"
"714","1181","94","25716431212223","10066544","True","True","True","True"
"715","1181","615","25716433223213","9497825","True","True","True","True"
"716","1183","390","25731642232211","16710526","True","True","True","True"
"717","1184","351","25734162221111","9479485","True","True","True","True"
"718","1185","511","25734613113323","12844364","True","True","True","True"
"719","1186","1","25736141111123","11401681","True","True","True","True"
"720","1186","158","25736141233232","10804360","True","True","True","True"
"721","1187","72","25736411133113","10302404","True","True","True","True"
"722","1187","142","25736411231321","9299419","True","True","True","True"
"723","1187","195","25736411321312","7930766","True","True","True","True"
"724","1187","216","25736411331113","9844625","True","True","True","True"
"725","1187","531","25736413123112","8264007","True","True","True","True"
"726","1188","144","25741361232113","11428149","True","True","True","True"
"727","1189","367","25741632222323","9642212","True","True","True","True"
"728","1189","421","25741632312323","8698017","True","True","True","True"
"729","1191","158","25743611233232","9007871","True","True","True","True"
"730","1196","371","25763142223133","10957862","True","True","True","True"
"731","1197","232","25763411332322","8317023","True","True","True","True"
"732","1203","310","26135742132221","10393758","True","True","True","True"
"733","1203","349","26135742213323","9578844","True","True","True","True"
"734","1203","474","26135742332312","9904207","True","True","True","True"
"735","1212","37","26153471122121","9758894","True","True","True","True"
"736","1212","542","26153473131131","8858893","True","True","True","True"
"737","1212","550","26153473132121","8640912","True","True","True","True"
"738","1214","471","26154372332213","19195418","True","True","True","True"
"739","1223","461","26175432331133","10594766","True","True","True","True"
"740","1228","93","26317451212211","15377764","True","True","True","True"
"741","1233","126","26345711223113","7170992","True","True","True","True"
"742","1242","495","26371453112111","8443233","True","True","True","True"
"743","1251","205","26415731322323","8319665","True","True","True","True"
"744","1251","274","26415732121223","8281465","True","True","True","True"
"745","1251","403","26415732233321","10264370","True","True","True","True"
"746","1257","361","26435712222122","15179987","True","True","True","True"
"747","1257","403","26435712233321","11218423","True","True","True","True"
"748","1257","407","26435712311132","10707720","True","True","True","True"
"749","1257","448","26435712322322","14127233","True","True","True","True"
"750","1257","649","26435713311122","10571007","True","True","True","True"
"751","1257","722","26435713333133","12857126","True","True","True","True"
"752","1259","285","26437512122312","9437757","True","True","True","True"
"753","1262","326","26453172211133","10435993","True","True","True","True"
"754","1263","242","26453711333333","9396894","True","True","True","True"
"755","1272","37","26513471122121","9956027","True","True","True","True"
"756","1276","726","26517343333313","12124184","True","True","True","True"
"757","1281","726","26534713333313","13017539","True","True","True","True"
"758","1286","0","26543171111111","9854513","True","True","True","True"
"759","1286","45","26543171123111","7994443","True","True","True","True"
"760","1289","547","26547313131323","12988541","True","True","True","True"
"761","1293","708","26573413331312","10729159","True","True","True","True"
"762","1299","92","26714531212133","10391922","True","True","True","True"
"763","1299","272","26714532121133","11225935","True","True","True","True"
"764","1301","628","26715433231322","9575840","True","True","True","True"
"765","1308","144","26741351232113","8301812","True","True","True","True"
"766","1311","275","26743512121232","12969030","True","True","True","True"
"767","1320","56","27134561131133","9624591","True","True","True","True"
"768","1335","407","27154632311132","8653548","True","True","True","True"
"769","1345","426","27314652313211","10525847","True","True","True","True"
"770","1367","435","27365412321212","12525272","True","True","True","True"
"771","1370","540","27415363131113","12128631","True","True","True","True"
"772","1371","455","27415632323231","10367764","True","True","True","True"
"773","1371","682","27415633321322","12793504","True","True","True","True"
"774","1373","320","27416532133232","8632030","True","True","True","True"
"775","1373","680","27416533321232","10478336","True","True","True","True"
"776","1377","283","27435612122222","9311595","True","True","True","True"
"777","1382","45","27453161123111","7689631","True","True","True","True"
"778","1382","63","27453161132111","9024497","True","True","True","True"
"779","1384","553","27456133132223","9799213","True","True","True","True"
"780","1396","0","27516341111111","9475989","True","True","True","True"
"781","1400","0","27534161111111","9426425","True","True","True","True"
"782","1400","1","27534161111123","12524016","True","True","True","True"
"783","1400","405","27534162311111","8726693","True","True","True","True"
"784","1401","407","27534612311132","10212380","True","True","True","True"
"785","1403","474","27536412332312","9442156","True","True","True","True"
"786","1407","1","27543611111123","11079174","True","True","True","True"
"787","1407","2","27543611111132","7870880","True","True","True","True"
"788","1409","379","27546312231122","16608931","True","True","True","True"
"789","1417","722","27613543333133","12153291","True","True","True","True"
"790","1418","656","27614353311332","10554399","True","True","True","True"
"791","1421","179","27615431312333","11492943","True","True","True","True"
"792","1421","268","27615432113321","12158253","True","True","True","True"
"793","1421","669","27615433313213","8452091","True","True","True","True"
"794","1425","56","27634511131133","9480297","True","True","True","True"
"795","1425","403","27634512233321","8873882","True","True","True","True"
"796","1431","653","27643513311233","13761681","True","True","True","True"
"797","1443","660","31246753312211","11726413","True","True","True","True"
"798","1445","23","31247651113232","8440140","True","True","True","True"
"799","1445","212","31247651323232","9968719","True","True","True","True"
"800","1448","139","31256471231222","9445755","True","True","True","True"
"801","1450","364","31257462222221","11253467","True","True","True","True"
"802","1450","420","31257462312311","9316193","True","True","True","True"
"803","1451","649","31257643311122","9791725","True","True","True","True"
"804","1452","282","31264572122213","9644604","True","True","True","True"
"805","1452","555","31264573132313","9275683","True","True","True","True"
"806","1452","607","31264573222223","9528359","True","True","True","True"
"807","1453","307","31264752132122","9588051","True","True","True","True"
"808","1453","424","31264752313121","10210256","True","True","True","True"
"809","1454","0","31265471111111","12133899","True","True","True","True"
"810","1454","36","31265471122112","8526773","True","True","True","True"
"811","1454","38","31265471122133","9758820","True","True","True","True"
"812","1454","174","31265471312213","8665879","True","True","True","True"
"813","1454","180","31265471313113","8050881","True","True","True","True"
"814","1454","189","31265471321111","7587443","True","True","True","True"
"815","1454","403","31265472233321","12163419","True","True","True","True"
"816","1454","419","31265472312233","8670113","True","True","True","True"
"817","1455","161","31265741233331","11986557","True","True","True","True"
"818","1457","365","31267542222233","11215105","True","True","True","True"
"819","1457","425","31267542313133","12163232","True","True","True","True"
"820","1460","14","31275461112233","12355349","True","True","True","True"
"821","1460","203","31275461322233","12477800","True","True","True","True"
"822","1460","318","31275462133211","10413284","True","True","True","True"
"823","1460","372","31275462223211","10465842","True","True","True","True"
"824","1460","408","31275462311213","10978230","True","True","True","True"
"825","1460","417","31275462312212","11082331","True","True","True","True"
"826","1460","649","31275463311122","11916908","True","True","True","True"
"827","1462","322","31276452133322","8588309","True","True","True","True"
"828","1462","429","31276452313313","10102429","True","True","True","True"
"829","1470","210","31452671323211","7139283","True","True","True","True"
"830","1470","230","31452671332232","7572710","True","True","True","True"
"831","1470","449","31452672322331","7608124","True","True","True","True"
"832","1473","247","31456722111221","9563583","True","True","True","True"
"833","1477","0","31462751111111","10238819","True","True","True","True"
"834","1477","25","31462751113322","8800971","True","True","True","True"
"835","1484","203","31475261322233","9194686","True","True","True","True"
"836","1484","465","31475262331313","11010454","True","True","True","True"
"837","1484","481","31475262333221","9151221","True","True","True","True"
"838","1488","712","31524673332122","12980597","True","True","True","True"
"839","1493","712","31527643332122","7664021","True","True","True","True"
"840","1502","333","31564272212111","14679126","True","True","True","True"
"841","1502","348","31564272213311","8513103","True","True","True","True"
"842","1502","510","31564273113311","9298700","True","True","True","True"
"843","1506","38","31572461122133","9478208","True","True","True","True"
"844","1513","14","31624751112233","8064378","True","True","True","True"
"845","1513","660","31624753312211","7908777","True","True","True","True"
"846","1516","359","31627452221333","12204473","True","True","True","True"
"847","1526","430","31654272313322","13381059","True","True","True","True"
"848","1551","217","31754621331122","11764554","True","True","True","True"
"849","1558","442","31765242322121","11492184","True","True","True","True"
"850","1560","0","32145671111111","16118954","True","True","True","True"
"851","1560","53","32145671123333","9290732","True","True","True","True"
"852","1560","67","32145671132222","8710386","True","True","True","True"
"853","1560","108","32145671221112","9340507","True","True","True","True"
"854","1560","242","32145671333333","9268599","True","True","True","True"
"855","1560","269","32145672113333","8734009","True","True","True","True"
"856","1560","337","32145672212222","8853853","True","True","True","True"
"857","1560","499","32145673112222","7900738","True","True","True","True"
"858","1560","648","32145673311113","9023805","True","True","True","True"
"859","1563","151","32146751232323","8971745","True","True","True","True"
"860","1563","391","32146752232223","11035186","True","True","True","True"
"861","1564","427","32147562313223","7913235","True","True","True","True"
"862","1564","482","32147562333233","14176397","True","True","True","True"
"863","1565","53","32147651123333","13821492","True","True","True","True"
"864","1565","67","32147651132222","12605873","True","True","True","True"
"865","1565","107","32147651213333","14255491","True","True","True","True"
"866","1565","175","32147651312222","13121507","True","True","True","True"
"867","1565","269","32147652113333","12778356","True","True","True","True"
"868","1565","386","32147652231332","12378888","True","True","True","True"
"869","1565","399","32147652233213","16325843","True","True","True","True"
"870","1565","466","32147652331322","13431215","True","True","True","True"
"871","1565","471","32147652332213","15792971","True","True","True","True"
"872","1565","499","32147653112222","12865846","True","True","True","True"
"873","1568","0","32156471111111","10319266","True","True","True","True"
"874","1568","21","32156471113211","8203998","True","True","True","True"
"875","1568","152","32156471232332","7556357","True","True","True","True"
"876","1568","422","32156472312332","7979713","True","True","True","True"
"877","1568","470","32156472332132","7855685","True","True","True","True"
"878","1568","475","32156472332321","8636133","True","True","True","True"
"879","1568","485","32156472333332","8932708","True","True","True","True"
"880","1568","613","32156473223123","7330970","True","True","True","True"
"881","1569","16","32156741112323","14980740","True","True","True","True"
"882","1569","406","32156742311123","8072729","True","True","True","True"
"883","1569","427","32156742313223","9568634","True","True","True","True"
"884","1569","479","32156742333131","8103979","True","True","True","True"
"885","1571","151","32157641232323","9022034","True","True","True","True"
"886","1571","385","32157642231323","9089759","True","True","True","True"
"887","1572","0","32164571111111","11237294","True","True","True","True"
"888","1572","5","32164571111231","7821168","True","True","True","True"
"889","1572","151","32164571232323","8048594","True","True","True","True"
"890","1572","391","32164572232223","9587681","True","True","True","True"
"891","1572","393","32164572232313","9566040","True","True","True","True"
"892","1572","403","32164572233321","9338406","True","True","True","True"
"893","1572","421","32164572312323","9008959","True","True","True","True"
"894","1572","696","32164573323212","8523813","True","True","True","True"
"895","1575","0","32165741111111","13491150","True","True","True","True"
"896","1575","2","32165741111132","8688201","True","True","True","True"
"897","1575","157","32165741233223","8349408","True","True","True","True"
"898","1575","324","32165742211112","10943470","True","True","True","True"
"899","1575","459","32165742331112","8048478","True","True","True","True"
"900","1575","650","32165743311131","8522089","True","True","True","True"
"901","1576","0","32167451111111","11287691","True","True","True","True"
"902","1576","107","32167451213333","8989804","True","True","True","True"
"903","1576","121","32167451222222","8634875","True","True","True","True"
"904","1576","175","32167451312222","8579791","True","True","True","True"
"905","1576","234","32167451333111","8297188","True","True","True","True"
"906","1576","325","32167452211121","8875367","True","True","True","True"
"907","1576","609","32167453222313","7655652","True","True","True","True"
"908","1576","674","32167453313333","8855340","True","True","True","True"
"909","1576","680","32167453321232","8731334","True","True","True","True"
"910","1578","16","32174561112323","10945929","True","True","True","True"
"911","1578","144","32174561232113","11412280","True","True","True","True"
"912","1578","149","32174561232233","10086452","True","True","True","True"
"913","1578","381","32174562231212","9144784","True","True","True","True"
"914","1579","422","32174652312332","7837155","True","True","True","True"
"915","1579","470","32174652332132","7994329","True","True","True","True"
"916","1580","0","32175461111111","11581075","True","True","True","True"
"917","1580","18","32175461113112","8017349","True","True","True","True"
"918","1580","108","32175461221112","8289592","True","True","True","True"
"919","1580","234","32175461333111","8557632","True","True","True","True"
"920","1580","396","32175462233111","9031599","True","True","True","True"
"921","1580","421","32175462312323","12004892","True","True","True","True"
"922","1587","517","32416753121222","14157581","True","True","True","True"
"923","1588","268","32417562113321","13554659","True","True","True","True"
"924","1589","308","32417652132131","8360100","True","True","True","True"
"925","1589","550","32417653132121","7260032","True","True","True","True"
"926","1591","460","32451762331121","7400923","True","True","True","True"
"927","1592","584","32456173212332","9502462","True","True","True","True"
"928","1593","155","32456711233133","17971490","True","True","True","True"
"929","1598","253","32465172112121","9183082","True","True","True","True"
"930","1598","308","32465172132131","7519835","True","True","True","True"
"931","1598","316","32465172133121","7877076","True","True","True","True"
"932","1598","475","32465172332321","8808880","True","True","True","True"
"933","1598","532","32465173123121","8258184","True","True","True","True"
"934","1598","550","32465173132121","8498659","True","True","True","True"
"935","1598","558","32465173133111","9196175","True","True","True","True"
"936","1598","643","32465173233221","9836770","True","True","True","True"
"937","1604","151","32475161232323","10035751","True","True","True","True"
"938","1604","706","32475163331222","10312433","True","True","True","True"
"939","1607","635","32476513232231","8730435","True","True","True","True"
"940","1612","546","32517463131311","14165428","True","True","True","True"
"941","1617","696","32546713323212","9550743","True","True","True","True"
"942","1619","27","32547611121113","8869077","True","True","True","True"
"943","1619","54","32547611131112","8230842","True","True","True","True"
"944","1619","99","32547611213111","8417539","True","True","True","True"
"945","1619","171","32547611312111","8814864","True","True","True","True"
"946","1619","249","32547612111311","8569855","True","True","True","True"
"947","1619","489","32547613111211","8417427","True","True","True","True"
"948","1620","20","32561471113133","9680071","True","True","True","True"
"949","1620","33","32561471121311","8682491","True","True","True","True"
"950","1620","39","32561471122211","9384849","True","True","True","True"
"951","1620","57","32561471131211","8761481","True","True","True","True"
"952","1620","83","32561471211131","11102036","True","True","True","True"
"953","1620","163","32561471311121","8881962","True","True","True","True"
"954","1620","321","32561472133313","8423597","True","True","True","True"
"955","1620","343","32561472213122","8391397","True","True","True","True"
"956","1620","607","32561473222223","7947013","True","True","True","True"
"957","1620","696","32561473323212","8057759","True","True","True","True"
"958","1625","283","32567412122222","9251987","True","True","True","True"
"959","1625","303","32567412131312","11450761","True","True","True","True"
"960","1625","363","32567412222212","14074563","True","True","True","True"
"961","1625","543","32567413131212","9087403","True","True","True","True"
"962","1625","566","32567413133333","11130267","True","True","True","True"
"963","1630","427","32576142313223","9078673","True","True","True","True"
"964","1634","712","32615473332122","9356159","True","True","True","True"
"965","1642","316","32647152133121","10663906","True","True","True","True"
"966","1642","550","32647153132121","7314581","True","True","True","True"
"967","1643","482","32647512333233","14831463","True","True","True","True"
"968","1648","516","32657143121213","11172963","True","True","True","True"
"969","1649","246","32657412111212","10979580","True","True","True","True"
"970","1650","537","32671453123313","11497473","True","True","True","True"
"971","1652","269","32674152113333","13281041","True","True","True","True"
"972","1657","470","32714652332132","8464596","True","True","True","True"
"973","1660","291","32716452123212","12667639","True","True","True","True"
"974","1663","33","32741651121311","11610688","True","True","True","True"
"975","1663","57","32741651131211","9176772","True","True","True","True"
"976","1663","83","32741651211131","8538082","True","True","True","True"
"977","1663","163","32741651311121","8877997","True","True","True","True"
"978","1663","243","32741652111113","9358986","True","True","True","True"
"979","1663","486","32741653111112","9351082","True","True","True","True"
"980","1665","134","32745611223332","8162771","True","True","True","True"
"981","1665","430","32745612313322","9507003","True","True","True","True"
"982","1665","449","32745612322331","7958863","True","True","True","True"
"983","1669","680","32751643321232","9834675","True","True","True","True"
"984","1670","568","32754163211123","8467254","True","True","True","True"
"985","1672","154","32756141233121","10058605","True","True","True","True"
"986","1674","276","32761452121313","9344224","True","True","True","True"
"987","1674","283","32761452122222","9931817","True","True","True","True"
"988","1674","363","32761452222212","9304147","True","True","True","True"
"989","1674","519","32761453121312","13023877","True","True","True","True"
"990","1674","566","32761453133333","9513535","True","True","True","True"
"991","1679","13","32765411112221","9232318","True","True","True","True"
"992","1679","27","32765411121113","8373315","True","True","True","True"
"993","1679","54","32765411131112","7984344","True","True","True","True"
"994","1679","72","32765411133113","8730932","True","True","True","True"
"995","1679","216","32765411331113","8722368","True","True","True","True"
"996","1679","357","32765412221312","8300237","True","True","True","True"
"997","1679","454","32765412323222","8627253","True","True","True","True"
"998","1679","525","32765413122212","7923750","True","True","True","True"
"999","1679","618","32765413223312","7866507","True","True","True","True"
"1000","1679","625","32765413231223","9355872","True","True","True","True"
"1001","1679","690","32765413322312","7774063","True","True","True","True"
"1002","1680","300","34125672131213","8938319","True","True","True","True"
"1003","1680","303","34125672131312","9943923","True","True","True","True"
"1004","1680","355","34125672221222","9319787","True","True","True","True"
"1005","1680","566","34125673133333","10214344","True","True","True","True"
"1006","1685","27","34127651121113","8342422","True","True","True","True"
"1007","1685","54","34127651131112","8238368","True","True","True","True"
"1008","1685","99","34127651213111","8467858","True","True","True","True"
"1009","1685","171","34127651312111","8845249","True","True","True","True"
"1010","1685","249","34127652111311","8310892","True","True","True","True"
"1011","1685","489","34127653111211","8380188","True","True","True","True"
"1012","1693","309","34162752132212","17036184","True","True","True","True"
"1013","1694","12","34165271112212","10188527","True","True","True","True"
"1014","1694","33","34165271121311","9425527","True","True","True","True"
"1015","1694","57","34165271131211","8826082","True","True","True","True"
"1016","1694","83","34165271211131","10841458","True","True","True","True"
"1017","1694","163","34165271311121","8280372","True","True","True","True"
"1018","1694","164","34165271311133","9115164","True","True","True","True"
"1019","1694","458","34165272323333","8497180","True","True","True","True"
"1020","1694","564","34165273133312","10657033","True","True","True","True"
"1021","1694","610","34165273222322","7629251","True","True","True","True"
"1022","1694","650","34165273311131","8373227","True","True","True","True"
"1023","1696","349","34167252213323","9725286","True","True","True","True"
"1024","1698","314","34172562132332","9616066","True","True","True","True"
"1025","1698","431","34172562313331","10294707","True","True","True","True"
"1026","1700","680","34175263321232","9879891","True","True","True","True"
"1027","1706","343","34216572213122","13296795","True","True","True","True"
"1028","1716","308","34261572132131","7467167","True","True","True","True"
"1029","1716","316","34261572133121","7839948","True","True","True","True"
"1030","1716","532","34261573123121","8009892","True","True","True","True"
"1031","1719","335","34265712212132","12472528","True","True","True","True"
"1032","1724","174","34275161312213","9342627","True","True","True","True"
"1033","1724","259","34275162112322","8993217","True","True","True","True"
"1034","1724","346","34275162213221","9882772","True","True","True","True"
"1035","1730","0","34516271111111","9667054","True","True","True","True"
"1036","1730","422","34516272312332","10569775","True","True","True","True"
"1037","1731","427","34516722313223","11853759","True","True","True","True"
"1038","1733","385","34517622231323","9910483","True","True","True","True"
"1039","1734","374","34521672223232","9170049","True","True","True","True"
"1040","1737","636","34526713232312","8458026","True","True","True","True"
"1041","1739","331","34527612211322","13930247","True","True","True","True"
"1042","1739","379","34527612231122","13565969","True","True","True","True"
"1043","1739","386","34527612231332","14878441","True","True","True","True"
"1044","1739","466","34527612331322","13560813","True","True","True","True"
"1045","1739","659","34527613312133","13806455","True","True","True","True"
"1046","1740","280","34561272122123","12904154","True","True","True","True"
"1047","1740","286","34561272122321","13476164","True","True","True","True"
"1048","1740","336","34561272212213","16364320","True","True","True","True"
"1049","1740","343","34561272213122","13395677","True","True","True","True"
"1050","1740","390","34561272232211","15819908","True","True","True","True"
"1051","1740","599","34561273221233","12792285","True","True","True","True"
"1052","1740","641","34561273233131","12669770","True","True","True","True"
"1053","1740","653","34561273311233","13277264","True","True","True","True"
"1054","1740","673","34561273313321","15130215","True","True","True","True"
"1055","1740","677","34561273321133","13810833","True","True","True","True"
"1056","1740","679","34561273321223","12982057","True","True","True","True"
"1057","1741","0","34561721111111","10471946","True","True","True","True"
"1058","1742","189","34562171321111","8444148","True","True","True","True"
"1059","1742","194","34562171321231","8247124","True","True","True","True"
"1060","1742","393","34562172232313","10896551","True","True","True","True"
"1061","1745","374","34567212223232","10683008","True","True","True","True"
"1062","1756","246","34617252111212","11721738","True","True","True","True"
"1063","1756","291","34617252123212","11613840","True","True","True","True"
"1064","1756","309","34617252132212","12405906","True","True","True","True"
"1065","1757","359","34617522221333","11044906","True","True","True","True"
"1066","1758","308","34621572132131","8737565","True","True","True","True"
"1067","1760","246","34625172111212","12550403","True","True","True","True"
"1068","1763","393","34627512232313","8831332","True","True","True","True"
"1069","1764","45","34651271123111","8622718","True","True","True","True"
"1070","1764","470","34651272332132","8231188","True","True","True","True"
"1071","1775","361","34675212222122","12822432","True","True","True","True"
"1072","1778","352","34715262221123","12596108","True","True","True","True"
"1073","1781","372","34716522223211","11207220","True","True","True","True"
"1074","1783","276","34721652121313","12021076","True","True","True","True"
"1075","1783","300","34721652131213","10892031","True","True","True","True"
"1076","1783","355","34721652221222","12174735","True","True","True","True"
"1077","1783","363","34721652222212","11443663","True","True","True","True"
"1078","1783","726","34721653333313","10749152","True","True","True","True"
"1079","1785","93","34725611212211","9534252","True","True","True","True"
"1080","1785","243","34725612111113","8210619","True","True","True","True"
"1081","1785","277","34725612121322","9496082","True","True","True","True"
"1082","1785","381","34725612231212","9518781","True","True","True","True"
"1083","1785","386","34725612231332","8341567","True","True","True","True"
"1084","1785","446","34725612322232","8914522","True","True","True","True"
"1085","1785","466","34725612331322","8805420","True","True","True","True"
"1086","1785","486","34725613111112","9026778","True","True","True","True"
"1087","1785","488","34725613111133","8757442","True","True","True","True"
"1088","1785","553","34725613132223","8810623","True","True","True","True"
"1089","1785","648","34725613311113","8783444","True","True","True","True"
"1090","1794","454","34761252323222","8310079","True","True","True","True"
"1091","1803","147","35126741232212","10533486","True","True","True","True"
"1092","1803","383","35126742231233","10498170","True","True","True","True"
"1093","1804","467","35127462331331","11055836","True","True","True","True"
"1094","1812","284","35162472122231","8384157","True","True","True","True"
"1095","1812","293","35162472123233","10723660","True","True","True","True"
"1096","1812","526","35162473122221","8245678","True","True","True","True"
"1097","1812","695","35162473323131","8395288","True","True","True","True"
"1098","1812","712","35162473332122","9325852","True","True","True","True"
"1099","1812","713","35162473332131","8310852","True","True","True","True"
"1100","1813","349","35162742213323","10813328","True","True","True","True"
"1101","1816","309","35167242132212","10564569","True","True","True","True"
"1102","1818","151","35172461232323","10025267","True","True","True","True"
"1103","1820","344","35174262213131","12581547","True","True","True","True"
"1104","1820","378","35174262231113","11077738","True","True","True","True"
"1105","1832","0","35246171111111","9361449","True","True","True","True"
"1106","1832","25","35246171113322","8133570","True","True","True","True"
"1107","1832","348","35246172213311","9062716","True","True","True","True"
"1108","1840","131","35267141223233","7670570","True","True","True","True"
"1109","1840","191","35267141321132","16017305","True","True","True","True"
"1110","1842","203","35271461322233","8309929","True","True","True","True"
"1111","1851","18","35416721113112","8300771","True","True","True","True"
"1112","1851","633","35416723232213","11215951","True","True","True","True"
"1113","1853","371","35417622223133","12151813","True","True","True","True"
"1114","1857","299","35426712131132","9297764","True","True","True","True"
"1115","1857","411","35426712311312","8231068","True","True","True","True"
"1116","1857","492","35426713111313","9861395","True","True","True","True"
"1117","1857","540","35426713131113","8935196","True","True","True","True"
"1118","1857","660","35426713312211","9424862","True","True","True","True"
"1119","1860","5","35461271111231","9660283","True","True","True","True"
"1120","1860","194","35461271321231","8233391","True","True","True","True"
"1121","1860","367","35461272222323","8548411","True","True","True","True"
"1122","1862","60","35462171131313","9148863","True","True","True","True"
"1123","1862","91","35462171212121","9576757","True","True","True","True"
"1124","1862","112","35462171221223","7877302","True","True","True","True"
"1125","1862","233","35462171332331","8835104","True","True","True","True"
"1126","1862","348","35462172213311","9430682","True","True","True","True"
"1127","1862","377","35462172223331","8606119","True","True","True","True"
"1128","1862","416","35462172312131","8342567","True","True","True","True"
"1129","1862","534","35462173123211","8758010","True","True","True","True"
"1130","1862","546","35462173131311","9781847","True","True","True","True"
"1131","1862","598","35462173221221","9411452","True","True","True","True"
"1132","1863","448","35462712322322","10504052","True","True","True","True"
"1133","1868","609","35472163222313","8578552","True","True","True","True"
"1134","1868","628","35472163231322","9504437","True","True","True","True"
"1135","1870","351","35476122221111","9736521","True","True","True","True"
"1136","1875","437","35614722321233","10159479","True","True","True","True"
"1137","1877","548","35617423131332","9255011","True","True","True","True"
"1138","1881","275","35624712121232","13146101","True","True","True","True"
"1139","1881","435","35624712321212","15304363","True","True","True","True"
"1140","1881","440","35624712321332","12866170","True","True","True","True"
"1141","1881","464","35624712331232","12973485","True","True","True","True"
"1142","1899","493","35714623111322","11204023","True","True","True","True"
"1143","1903","354","35721642221213","17232917","True","True","True","True"
"1144","1916","360","35762142222113","10361192","True","True","True","True"
"1145","1922","8","36125471111333","8901230","True","True","True","True"
"1146","1922","90","36125471212112","12599065","True","True","True","True"
"1147","1922","99","36125471213111","8136210","True","True","True","True"
"1148","1922","117","36125471222111","12822885","True","True","True","True"
"1149","1922","171","36125471312111","8556196","True","True","True","True"
"1150","1922","249","36125472111311","8102780","True","True","True","True"
"1151","1922","274","36125472121223","7772099","True","True","True","True"
"1152","1922","489","36125473111211","8714584","True","True","True","True"
"1153","1922","634","36125473232222","9528907","True","True","True","True"
"1154","1922","698","36125473323233","9219955","True","True","True","True"
"1155","1923","611","36125743222331","14805877","True","True","True","True"
"1156","1924","238","36127451333222","7996487","True","True","True","True"
"1157","1928","283","36145272122222","10849957","True","True","True","True"
"1158","1928","300","36145272131213","14108846","True","True","True","True"
"1159","1928","303","36145272131312","9646317","True","True","True","True"
"1160","1928","726","36145273333313","11106621","True","True","True","True"
"1161","1930","33","36147251121311","9166040","True","True","True","True"
"1162","1930","57","36147251131211","9601740","True","True","True","True"
"1163","1930","83","36147251211131","9985291","True","True","True","True"
"1164","1930","163","36147251311121","8359005","True","True","True","True"
"1165","1930","243","36147252111113","10682465","True","True","True","True"
"1166","1930","486","36147253111112","8969352","True","True","True","True"
"1167","1933","141","36152741231312","11847764","True","True","True","True"
"1168","1933","304","36152742131321","10454930","True","True","True","True"
"1169","1938","317","36172452133133","12531678","True","True","True","True"
"1170","1948","305","36217452131333","12155276","True","True","True","True"
"1171","1949","132","36217541223311","7155263","True","True","True","True"
"1172","1949","585","36217543213112","7540683","True","True","True","True"
"1173","1950","584","36241573212332","7884780","True","True","True","True"
"1174","1951","582","36241753212311","9148209","True","True","True","True"
"1175","1970","291","36415272123212","11280918","True","True","True","True"
"1176","1973","294","36417522123311","10132196","True","True","True","True"
"1177","1994","333","36514272212111","14056585","True","True","True","True"
"1178","1998","268","36521472113321","9895304","True","True","True","True"
"1179","1998","460","36521472331121","8334184","True","True","True","True"
"1180","2003","56","36527411131133","8402258","True","True","True","True"
"1181","2003","243","36527412111113","8278670","True","True","True","True"
"1182","2003","301","36527412131222","9720258","True","True","True","True"
"1183","2003","331","36527412211322","9809342","True","True","True","True"
"1184","2003","357","36527412221312","8520978","True","True","True","True"
"1185","2003","379","36527412231122","8610538","True","True","True","True"
"1186","2003","446","36527412322232","8748794","True","True","True","True"
"1187","2003","486","36527413111112","8737703","True","True","True","True"
"1188","2003","654","36527413311311","8184874","True","True","True","True"
"1189","2004","454","36541272323222","8219099","True","True","True","True"
"1190","2007","277","36542712121322","12732403","True","True","True","True"
"1191","2009","276","36547212121313","10742278","True","True","True","True"
"1192","2009","283","36547212122222","11383735","True","True","True","True"
"1193","2009","303","36547212131312","11435517","True","True","True","True"
"1194","2009","355","36547212221222","10849954","True","True","True","True"
"1195","2009","710","36547213331333","9775208","True","True","True","True"
"1196","2017","270","36712542121112","13250841","True","True","True","True"
"1197","2017","271","36712542121121","12412231","True","True","True","True"
"1198","2017","273","36712542121211","14602686","True","True","True","True"
"1199","2017","279","36712542122111","13084600","True","True","True","True"
"1200","2018","391","36714252232223","8545404","True","True","True","True"
"1201","2019","144","36714521232113","11793174","True","True","True","True"
"1202","2019","277","36714522121322","11722254","True","True","True","True"
"1203","2019","282","36714522122213","9502100","True","True","True","True"
"1204","2019","553","36714523132223","9664982","True","True","True","True"
"1205","2019","556","36714523132322","9480328","True","True","True","True"
"1206","2022","62","36721451131331","8332689","True","True","True","True"
"1207","2022","277","36721452121322","9538965","True","True","True","True"
"1208","2022","280","36721452122123","7947138","True","True","True","True"
"1209","2022","282","36721452122213","9532928","True","True","True","True"
"1210","2022","286","36721452122321","8905565","True","True","True","True"
"1211","2022","297","36721452131111","8813196","True","True","True","True"
"1212","2022","374","36721452223232","8527321","True","True","True","True"
"1213","2022","504","36721453113113","9265225","True","True","True","True"
"1214","2022","513","36721453121111","11260699","True","True","True","True"
"1215","2027","30","36725411121212","14068597","True","True","True","True"
"1216","2027","60","36725411131313","14112685","True","True","True","True"
"1217","2027","91","36725411212121","14138368","True","True","True","True"
"1218","2027","182","36725411313131","14211043","True","True","True","True"
"1219","2027","246","36725412111212","15247195","True","True","True","True"
"1220","2027","270","36725412121112","14085298","True","True","True","True"
"1221","2027","273","36725412121211","14503035","True","True","True","True"
"1222","2027","275","36725412121232","14155665","True","True","True","True"
"1223","2027","291","36725412123212","14993422","True","True","True","True"
"1224","2027","435","36725412321212","14747484","True","True","True","True"
"1225","2027","492","36725413111313","16244016","True","True","True","True"
"1226","2027","540","36725413131113","14596192","True","True","True","True"
"1227","2027","546","36725413131311","17059848","True","True","True","True"
"1228","2028","280","36741252122123","14258063","True","True","True","True"
"1229","2028","286","36741252122321","13319126","True","True","True","True"
"1230","2028","287","36741252122333","12860378","True","True","True","True"
"1231","2028","295","36741252123323","13769228","True","True","True","True"
"1232","2028","641","36741253233131","13574861","True","True","True","True"
"1233","2033","85","36745211211221","7764256","True","True","True","True"
"1234","2033","274","36745212121223","8100266","True","True","True","True"
"1235","2033","285","36745212122312","10120787","True","True","True","True"
"1236","2033","287","36745212122333","8601719","True","True","True","True"
"1237","2033","295","36745212123323","9664275","True","True","True","True"
"1238","2033","297","36745212131111","8128672","True","True","True","True"
"1239","2033","374","36745212223232","8536061","True","True","True","True"
"1240","2033","513","36745213121111","10486266","True","True","True","True"
"1241","2033","542","36745213131131","7975178","True","True","True","True"
"1242","2033","558","36745213133111","8749806","True","True","True","True"
"1243","2033","633","36745213232213","8346677","True","True","True","True"
"1244","2034","610","36751243222322","8743286","True","True","True","True"
"1245","2036","281","36752142122132","9328878","True","True","True","True"
"1246","2036","292","36752142123221","8737057","True","True","True","True"
"1247","2036","554","36752143132232","7766220","True","True","True","True"
"1248","2036","562","36752143133222","9459405","True","True","True","True"
"1249","2036","569","36752143211132","8827294","True","True","True","True"
"1250","2038","634","36754123232222","15176460","True","True","True","True"
"1251","2075","14","37246511112233","10701138","True","True","True","True"
"1252","2080","437","37256142321233","10060566","True","True","True","True"
"1253","2091","481","37415622333221","11325490","True","True","True","True"
"1254","2099","555","37426513132313","12998540","True","True","True","True"
"1255","2102","456","37452162323312","9352230","True","True","True","True"
"1256","2117","483","37516422333311","8879414","True","True","True","True"
"1257","2130","162","37561241311112","8624917","True","True","True","True"
"1258","2136","527","37612453122233","8745236","True","True","True","True"
"1259","2137","351","37612542221111","10264101","True","True","True","True"
"1260","2138","352","37614252221123","11169979","True","True","True","True"
"1261","2139","0","37614521111111","11764403","True","True","True","True"
"1262","2139","212","37614521323232","7664207","True","True","True","True"
"1263","2139","247","37614522111221","8688384","True","True","True","True"
"1264","2139","268","37614522113321","9872771","True","True","True","True"
"1265","2139","430","37614522313322","10288125","True","True","True","True"
"1266","2139","456","37614522323312","8625585","True","True","True","True"
"1267","2139","633","37614523232213","9715422","True","True","True","True"
"1268","2141","25","37615421113322","10844448","True","True","True","True"
"1269","2141","326","37615422211133","10779831","True","True","True","True"
"1270","2141","371","37615422223133","10923965","True","True","True","True"
"1271","2141","424","37615422313121","10160789","True","True","True","True"
"1272","2141","431","37615422313331","10914295","True","True","True","True"
"1273","2141","515","37615423121132","11525677","True","True","True","True"
"1274","2144","408","37624152311213","11179116","True","True","True","True"
"1275","2145","149","37624511232233","10108490","True","True","True","True"
"1276","2145","277","37624512121322","11672278","True","True","True","True"
"1277","2145","381","37624512231212","9021880","True","True","True","True"
"1278","2145","547","37624513131323","9611256","True","True","True","True"
"1279","2145","627","37624513231313","9372274","True","True","True","True"
"1280","2148","367","37641252222323","9935656","True","True","True","True"
"1281","2150","348","37642152213311","11673277","True","True","True","True"
"1282","2151","526","37642513122221","10038356","True","True","True","True"
"1283","2152","418","37645122312221","8478120","True","True","True","True"
"1284","2154","326","37651242211133","12097935","True","True","True","True"
"1285","2155","420","37651422312311","11378322","True","True","True","True"
"1286","2156","23","37652141113232","8209894","True","True","True","True"
"1287","2156","628","37652143231322","9266710","True","True","True","True"
"1288","2159","409","37654212311222","10684255","True","True","True","True"
"1289","2163","637","41236753232321","9042241","True","True","True","True"
"1290","2164","182","41237561313131","12721862","True","True","True","True"
"1291","2173","175","41263751312222","13754497","True","True","True","True"
"1292","2184","93","41325671212211","9241545","True","True","True","True"
"1293","2185","427","41325762313223","8583844","True","True","True","True"
"1294","2185","545","41325763131233","8211286","True","True","True","True"
"1295","2190","90","41352671212112","12809906","True","True","True","True"
"1296","2190","91","41352671212121","13191057","True","True","True","True"
"1297","2190","117","41352671222111","13283907","True","True","True","True"
"1298","2195","423","41357622313112","7366455","True","True","True","True"
"1299","2200","488","41367253111133","12099282","True","True","True","True"
"1300","2214","426","41532672313211","16281807","True","True","True","True"
"1301","2215","155","41532761233133","10815587","True","True","True","True"
"1302","2222","510","41563273113311","9695598","True","True","True","True"
"1303","2231","337","41576322212222","11937873","True","True","True","True"
"1304","2234","426","41625372313211","25792090","True","True","True","True"
"1305","2234","516","41625373121213","9070157","True","True","True","True"
"1306","2235","122","41625731222231","10539913","True","True","True","True"
"1307","2241","91","41635721212121","15453682","True","True","True","True"
"1308","2249","123","41657321222312","9695661","True","True","True","True"
"1309","2252","337","41673252212222","12599564","True","True","True","True"
"1310","2253","0","41673521111111","10283214","True","True","True","True"
"1311","2256","426","41723562313211","9816033","True","True","True","True"
"1312","2258","144","41725361232113","11094345","True","True","True","True"
"1313","2258","192","41725361321213","13377858","True","True","True","True"
"1314","2258","354","41725362221213","11448620","True","True","True","True"
"1315","2258","426","41725362313211","12393849","True","True","True","True"
"1316","2258","427","41725362313223","12435077","True","True","True","True"
"1317","2258","517","41725363121222","10667929","True","True","True","True"
"1318","2258","518","41725363121231","10209441","True","True","True","True"
"1319","2259","0","41725631111111","12256978","True","True","True","True"
"1320","2259","82","41725631211122","9522507","True","True","True","True"
"1321","2259","449","41725632322331","8326615","True","True","True","True"
"1322","2259","488","41725633111133","9008131","True","True","True","True"
"1323","2259","514","41725633121123","8685093","True","True","True","True"
"1324","2259","567","41725633211111","9934475","True","True","True","True"
"1325","2260","430","41726352313322","9451494","True","True","True","True"
"1326","2261","419","41726532312233","11731801","True","True","True","True"
"1327","2264","213","41735261323313","11751382","True","True","True","True"
"1328","2264","419","41735262312233","11030827","True","True","True","True"
"1329","2264","535","41735263123223","8870966","True","True","True","True"
"1330","2265","158","41735621233232","9201744","True","True","True","True"
"1331","2265","430","41735622313322","10770981","True","True","True","True"
"1332","2267","158","41736521233232","11045752","True","True","True","True"
"1333","2267","473","41736522332231","8570724","True","True","True","True"
"1334","2269","118","41752631222123","8106432","True","True","True","True"
"1335","2269","406","41752632311123","8878162","True","True","True","True"
"1336","2269","421","41752632312323","8159943","True","True","True","True"
"1337","2269","426","41752632313211","30620725","True","True","True","True"
"1338","2272","192","41756231321213","12811356","True","True","True","True"
"1339","2272","518","41756233121231","9993409","True","True","True","True"
"1340","2275","359","41762532221333","11157814","True","True","True","True"
"1341","2275","539","41762533123331","10250322","True","True","True","True"
"1342","2278","158","41765231233232","9105691","True","True","True","True"
"1343","2279","357","41765322221312","8286790","True","True","True","True"
"1344","2279","426","41765322313211","17878751","True","True","True","True"
"1345","2279","525","41765323122212","8737158","True","True","True","True"
"1346","2283","303","42136752131312","11882868","True","True","True","True"
"1347","2284","53","42137561123333","11230822","True","True","True","True"
"1348","2285","524","42137653122131","8489362","True","True","True","True"
"1349","2285","550","42137653132121","7159457","True","True","True","True"
"1350","2291","628","42157633231322","11298434","True","True","True","True"
"1351","2293","30","42163751121212","13070516","True","True","True","True"
"1352","2294","613","42165373223123","7101724","True","True","True","True"
"1353","2297","305","42167532131333","12197437","True","True","True","True"
"1354","2304","495","42315673112111","7621845","True","True","True","True"
"1355","2310","93","42351671212211","11032583","True","True","True","True"
"1356","2311","623","42351763231133","16152643","True","True","True","True"
"1357","2320","487","42367153111121","7814332","True","True","True","True"
"1358","2320","568","42367153211123","8582821","True","True","True","True"
"1359","2330","396","42516372233111","10690724","True","True","True","True"
"1360","2341","694","42561733323122","7560641","True","True","True","True"
"1361","2349","455","42573612323231","9393611","True","True","True","True"
"1362","2349","689","42573613322231","8708999","True","True","True","True"
"1363","2352","426","42613572313211","9801265","True","True","True","True"
"1364","2354","188","42615371313332","15723063","True","True","True","True"
"1365","2354","348","42615372213311","12535699","True","True","True","True"
"1366","2354","354","42615372221213","11443427","True","True","True","True"
"1367","2354","426","42615372313211","12782066","True","True","True","True"
"1368","2364","348","42651372213311","8305711","True","True","True","True"
"1369","2365","649","42651733311122","10448425","True","True","True","True"
"1370","2373","389","42673512232133","11470267","True","True","True","True"
"1371","2389","437","42751632321233","11136844","True","True","True","True"
"1372","2389","455","42751632323231","8895489","True","True","True","True"
"1373","2402","321","43126572133313","12004271","True","True","True","True"
"1374","2416","147","43167251232212","10131680","True","True","True","True"
"1375","2422","290","43176252123131","8444057","True","True","True","True"
"1376","2422","407","43176252311132","8981360","True","True","True","True"
"1377","2426","550","43216573132121","7485616","True","True","True","True"
"1378","2426","553","43216573132223","8391740","True","True","True","True"
"1379","2426","582","43216573212311","8228031","True","True","True","True"
"1380","2426","584","43216573212332","11830314","True","True","True","True"
"1381","2448","188","43512671313332","9479639","True","True","True","True"
"1382","2459","421","43527612312323","7986962","True","True","True","True"
"1383","2460","0","43561271111111","9011314","True","True","True","True"
"1384","2466","283","43571262122222","11509796","True","True","True","True"
"1385","2468","0","43572161111111","10774379","True","True","True","True"
"1386","2469","421","43572612312323","9446424","True","True","True","True"
"1387","2471","49","43576211123222","10043638","True","True","True","True"
"1388","2471","257","43576212112232","12606286","True","True","True","True"
"1389","2474","240","43615271333312","8542248","True","True","True","True"
"1390","2474","268","43615272113321","9486728","True","True","True","True"
"1391","2477","130","43617521223221","12443013","True","True","True","True"
"1392","2479","349","43621752213323","12493537","True","True","True","True"
"1393","2485","452","43651722323132","9082141","True","True","True","True"
"1394","2494","361","43675122222122","14218994","True","True","True","True"
"1395","2495","116","43675211221331","9544503","True","True","True","True"
"1396","2503","627","43721653231313","10958596","True","True","True","True"
"1397","2509","537","43751623123313","11085610","True","True","True","True"
"1398","2519","361","43765212222122","13902166","True","True","True","True"
"1399","2537","689","45167323322231","9133723","True","True","True","True"
"1400","2542","60","45176231131313","19681032","True","True","True","True"
"1401","2542","72","45176231133113","19631762","True","True","True","True"
"1402","2542","216","45176231331113","19068732","True","True","True","True"
"1403","2542","540","45176233131113","20212710","True","True","True","True"
"1404","2543","56","45176321131133","16705716","True","True","True","True"
"1405","2544","352","45213672221123","10630470","True","True","True","True"
"1406","2564","361","45273162222122","12326335","True","True","True","True"
"1407","2566","56","45276131131133","14591269","True","True","True","True"
"1408","2568","123","45312671222312","8002129","True","True","True","True"
"1409","2568","377","45312672223331","8928189","True","True","True","True"
"1410","2568","403","45312672233321","8349921","True","True","True","True"
"1411","2568","426","45312672313211","26244828","True","True","True","True"
"1412","2568","555","45312673132313","14340815","True","True","True","True"
"1413","2568","603","45312673222112","7958986","True","True","True","True"
"1414","2568","627","45312673231313","14148603","True","True","True","True"
"1415","2569","21","45312761113211","9181756","True","True","True","True"
"1416","2569","78","45312761133311","8769234","True","True","True","True"
"1417","2569","351","45312762221111","10750648","True","True","True","True"
"1418","2569","405","45312762311111","8806086","True","True","True","True"
"1419","2574","93","45321671212211","9610149","True","True","True","True"
"1420","2574","109","45321671221121","9606687","True","True","True","True"
"1421","2574","510","45321673113311","15932913","True","True","True","True"
"1422","2579","367","45327612222323","10267232","True","True","True","True"
"1423","2583","283","45362712122222","12187278","True","True","True","True"
"1424","2584","371","45367122223133","10428438","True","True","True","True"
"1425","2585","2","45367211111132","9263905","True","True","True","True"
"1426","2585","82","45367211211122","9805751","True","True","True","True"
"1427","2585","488","45367213111133","9954670","True","True","True","True"
"1428","2590","56","45376121131133","15433997","True","True","True","True"
"1429","2590","222","45376121331311","11290404","True","True","True","True"
"1430","2591","235","45376211333123","9137258","True","True","True","True"
"1431","2591","547","45376213131323","14490937","True","True","True","True"
"1432","2591","727","45376213333322","8464200","True","True","True","True"
"1433","2592","76","45612371133221","9614841","True","True","True","True"
"1434","2592","460","45612372331121","8115212","True","True","True","True"
"1435","2592","500","45612373112231","8325490","True","True","True","True"
"1436","2592","550","45612373132121","7948081","True","True","True","True"
"1437","2592","553","45612373132223","8761581","True","True","True","True"
"1438","2592","684","45612373322111","7688375","True","True","True","True"
"1439","2592","712","45612373332122","8192814","True","True","True","True"
"1440","2592","715","45612373332221","8264256","True","True","True","True"
"1441","2594","220","45613271331221","9374567","True","True","True","True"
"1442","2594","396","45613272233111","11806971","True","True","True","True"
"1443","2598","539","45621373123331","10323217","True","True","True","True"
"1444","2598","567","45621373211111","12887280","True","True","True","True"
"1445","2599","334","45621732212123","10749855","True","True","True","True"
"1446","2599","404","45621732233333","10299025","True","True","True","True"
"1447","2601","469","45623712332123","7555093","True","True","True","True"
"1448","2601","691","45623713322321","7238199","True","True","True","True"
"1449","2608","550","45637123132121","8322921","True","True","True","True"
"1450","2608","712","45637123332122","7293131","True","True","True","True"
"1451","2610","68","45671231132231","7408204","True","True","True","True"
"1452","2610","497","45671233112132","7963829","True","True","True","True"
"1453","2615","335","45673212212132","9580438","True","True","True","True"
"1454","2615","571","45673213211222","9788892","True","True","True","True"
"1455","2619","614","45713623223132","7885187","True","True","True","True"
"1456","2622","681","45721363321313","9165687","True","True","True","True"
"1457","2622","689","45721363322231","8843783","True","True","True","True"
"1458","2631","403","45732612233321","7965710","True","True","True","True"
"1459","2632","39","45736121122211","12943042","True","True","True","True"
"1460","2640","0","46123571111111","9690773","True","True","True","True"
"1461","2640","631","46123573232123","11863840","True","True","True","True"
"1462","2643","235","46125731333123","9536766","True","True","True","True"
"1463","2644","60","46127351131313","11963638","True","True","True","True"
"1464","2644","305","46127352131333","13462462","True","True","True","True"
"1465","2644","547","46127353131323","14468474","True","True","True","True"
"1466","2648","321","46135272133313","11300601","True","True","True","True"
"1467","2654","542","46153273131131","13672896","True","True","True","True"
"1468","2656","725","46157233333232","8341289","True","True","True","True"
"1469","2657","221","46157321331233","9965667","True","True","True","True"
"1470","2666","274","46215372121223","8827240","True","True","True","True"
"1471","2666","426","46215372313211","15299858","True","True","True","True"
"1472","2680","326","46257132211133","10860466","True","True","True","True"
"1473","2681","660","46257313312211","16993978","True","True","True","True"
"1474","2685","285","46273512122312","8844129","True","True","True","True"
"1475","2685","597","46273513221212","8412232","True","True","True","True"
"1476","2687","49","46275311123222","10324935","True","True","True","True"
"1477","2687","257","46275312112232","12967922","True","True","True","True"
"1478","2687","309","46275312132212","11437711","True","True","True","True"
"1479","2687","389","46275312232133","10071834","True","True","True","True"
"1480","2687","426","46275312313211","12307724","True","True","True","True"
"1481","2687","517","46275313121222","10608386","True","True","True","True"
"1482","2687","660","46275313312211","12254419","True","True","True","True"
"1483","2695","245","46321752111131","9350271","True","True","True","True"
"1484","2702","86","46352171211233","7634206","True","True","True","True"
"1485","2702","266","46352172113231","7075457","True","True","True","True"
"1486","2709","116","46372511221331","10338209","True","True","True","True"
"1487","2711","89","46375211211332","7669225","True","True","True","True"
"1488","2711","261","46375212113111","8423704","True","True","True","True"
"1489","2711","308","46375212132131","7653993","True","True","True","True"
"1490","2711","310","46375212132221","8442738","True","True","True","True"
"1491","2711","472","46375212332222","8248351","True","True","True","True"
"1492","2711","495","46375213112111","10448941","True","True","True","True"
"1493","2711","532","46375213123121","9534208","True","True","True","True"
"1494","2711","721","46375213333121","7761305","True","True","True","True"
"1495","2712","220","46512371331221","10054896","True","True","True","True"
"1496","2712","268","46512372113321","10945620","True","True","True","True"
"1497","2714","468","46513272332111","8088102","True","True","True","True"
"1498","2714","508","46513273113221","8056454","True","True","True","True"
"1499","2721","224","46523711331332","9619556","True","True","True","True"
"1500","2722","487","46527133111121","7823843","True","True","True","True"
"1501","2733","127","46572311223122","10266110","True","True","True","True"
"1502","2733","307","46572312132122","8375227","True","True","True","True"
"1503","2743","537","46721533123313","10685304","True","True","True","True"
"1504","2760","389","47123562232133","11677497","True","True","True","True"
"1505","2761","158","47123651233232","8647027","True","True","True","True"
"1506","2764","158","47126351233232","11781283","True","True","True","True"
"1507","2765","317","47126532133133","9875843","True","True","True","True"
"1508","2766","405","47132562311111","9447826","True","True","True","True"
"1509","2766","611","47132563222331","12624458","True","True","True","True"
"1510","2767","403","47132652233321","9419377","True","True","True","True"
"1511","2769","314","47135622132332","8833877","True","True","True","True"
"1512","2770","315","47136252133112","12472188","True","True","True","True"
"1513","2772","158","47152361233232","7798276","True","True","True","True"
"1514","2773","200","47152631322131","10026931","True","True","True","True"
"1515","2776","231","47156231332313","10059939","True","True","True","True"
"1516","2776","569","47156233211132","9617094","True","True","True","True"
"1517","2776","618","47156233223312","8301937","True","True","True","True"
"1518","2776","639","47156233233113","9803033","True","True","True","True"
"1519","2776","690","47156233322312","7971660","True","True","True","True"
"1520","2777","0","47156321111111","10128056","True","True","True","True"
"1521","2777","78","47156321133311","10249679","True","True","True","True"
"1522","2777","312","47156322132311","8692870","True","True","True","True"
"1523","2777","428","47156322313232","8027957","True","True","True","True"
"1524","2777","470","47156322332132","7495722","True","True","True","True"
"1525","2777","474","47156322332312","7834986","True","True","True","True"
"1526","2777","613","47156323223123","8636203","True","True","True","True"
"1527","2778","199","47162351322122","8785824","True","True","True","True"
"1528","2781","301","47163522131222","8407661","True","True","True","True"
"1529","2783","144","47165321232113","11402151","True","True","True","True"
"1530","2783","200","47165321322131","16593645","True","True","True","True"
"1531","2783","309","47165322132212","11428950","True","True","True","True"
"1532","2783","315","47165322133112","13039527","True","True","True","True"
"1533","2783","389","47165322232133","9823019","True","True","True","True"
"1534","2783","426","47165322313211","12842359","True","True","True","True"
"1535","2788","305","47216352131333","13712057","True","True","True","True"
"1536","2796","540","47251363131113","13299805","True","True","True","True"
"1537","2797","303","47251632131312","11357706","True","True","True","True"
"1538","2800","582","47256133212311","8677369","True","True","True","True"
"1539","2800","680","47256133321232","8564696","True","True","True","True"
"1540","2807","283","47265312122222","9211071","True","True","True","True"
"1541","2807","303","47265312131312","9601125","True","True","True","True"
"1542","2807","426","47265312313211","25753588","True","True","True","True"
"1543","2815","164","47321651311133","9625735","True","True","True","True"
"1544","2823","290","47352612123131","8264983","True","True","True","True"
"1545","2823","407","47352612311132","8511892","True","True","True","True"
"1546","2823","426","47352612313211","16091745","True","True","True","True"
"1547","2833","421","47512632312323","8177011","True","True","True","True"
"1548","2863","395","47621532232331","7499585","True","True","True","True"
"1549","2863","622","47621533231121","7826545","True","True","True","True"
"1550","2870","403","47632152233321","7958972","True","True","True","True"
"1551","2870","582","47632153212311","9783137","True","True","True","True"
"1552","2870","637","47632153232321","9001218","True","True","True","True"
"1553","2871","584","47632513212332","12611464","True","True","True","True"
"1554","2876","385","47652132231323","9775058","True","True","True","True"
"1555","2879","572","47653213211231","12216361","True","True","True","True"
"1556","2879","630","47653213232111","7148394","True","True","True","True"
"1557","2895","25","51264731113322","8278293","True","True","True","True"
"1558","2895","348","51264732213311","7804272","True","True","True","True"
"1559","2896","419","51267342312233","13788393","True","True","True","True"
"1560","2904","82","51324671211122","8983931","True","True","True","True"
"1561","2904","333","51324672212111","11608116","True","True","True","True"
"1562","2904","510","51324673113311","13678975","True","True","True","True"
"1563","2905","1","51324761111123","10113641","True","True","True","True"
"1564","2905","512","51324763113332","9740497","True","True","True","True"
"1565","2910","333","51342672212111","11073183","True","True","True","True"
"1566","2911","661","51342763312223","19630933","True","True","True","True"
"1567","2920","81","51367241211113","7942532","True","True","True","True"
"1568","2928","116","51423671221331","8406671","True","True","True","True"
"1569","2931","0","51426731111111","9874230","True","True","True","True"
"1570","2931","660","51426733312211","8966650","True","True","True","True"
"1571","2946","60","51472361131313","11934188","True","True","True","True"
"1572","2947","708","51472633331312","11329212","True","True","True","True"
"1573","2952","189","51623471321111","7191049","True","True","True","True"
"1574","2953","673","51623743313321","10577583","True","True","True","True"
"1575","2955","172","51624731312123","10250262","True","True","True","True"
"1576","2955","693","51624733323113","11176319","True","True","True","True"
"1577","2959","212","51632741323232","7982589","True","True","True","True"
"1578","2964","42","51642371122313","10746393","True","True","True","True"
"1579","2965","25","51642731113322","11725014","True","True","True","True"
"1580","2968","23","51647231113232","7683930","True","True","True","True"
"1581","2977","546","51723643131311","11271880","True","True","True","True"
"1582","2978","283","51724362122222","9763377","True","True","True","True"
"1583","2978","516","51724363121213","9586854","True","True","True","True"
"1584","2981","537","51726433123313","11379949","True","True","True","True"
"1585","2983","516","51732643121213","11892818","True","True","True","True"
"1586","2989","455","51742632323231","9395884","True","True","True","True"
"1587","2989","458","51742632323333","10201946","True","True","True","True"
"1588","3001","144","52134761232113","9015410","True","True","True","True"
"1589","3011","33","52147631121311","9130966","True","True","True","True"
"1590","3011","57","52147631131211","9532853","True","True","True","True"
"1591","3011","83","52147631211131","8199160","True","True","True","True"
"1592","3011","163","52147631311121","8370924","True","True","True","True"
"1593","3011","243","52147632111113","9058922","True","True","True","True"
"1594","3011","486","52147633111112","11681939","True","True","True","True"
"1595","3012","10","52163471112122","9477995","True","True","True","True"
"1596","3012","99","52163471213111","8143130","True","True","True","True"
"1597","3012","171","52163471312111","8031033","True","True","True","True"
"1598","3012","235","52163471333123","7429901","True","True","True","True"
"1599","3012","249","52163472111311","8111838","True","True","True","True"
"1600","3012","301","52163472131222","7971476","True","True","True","True"
"1601","3012","489","52163473111211","8598050","True","True","True","True"
"1602","3012","494","52163473111331","8498152","True","True","True","True"
"1603","3012","601","52163473221323","7967022","True","True","True","True"
"1604","3012","701","52163473323332","13671497","True","True","True","True"
"1605","3016","275","52167342121232","11264475","True","True","True","True"
"1606","3017","276","52167432121313","10131646","True","True","True","True"
"1607","3017","283","52167432122222","12377405","True","True","True","True"
"1608","3017","300","52167432131213","10776036","True","True","True","True"
"1609","3017","566","52167433133333","11959556","True","True","True","True"
"1610","3017","710","52167433331333","10266184","True","True","True","True"
"1611","3021","613","52174633223123","10650867","True","True","True","True"
"1612","3024","654","52314673311311","16869079","True","True","True","True"
"1613","3025","199","52314761322122","9592995","True","True","True","True"
"1614","3030","0","52341671111111","26839614","True","True","True","True"
"1615","3030","39","52341671122211","9807338","True","True","True","True"
"1616","3030","168","52341671311313","7968033","True","True","True","True"
"1617","3030","324","52341672211112","9905750","True","True","True","True"
"1618","3030","393","52341672232313","9201918","True","True","True","True"
"1619","3030","454","52341672323222","10023076","True","True","True","True"
"1620","3030","456","52341672323312","13181679","True","True","True","True"
"1621","3030","558","52341673133111","8450903","True","True","True","True"
"1622","3030","633","52341673232213","9017159","True","True","True","True"
"1623","3030","638","52341673232333","8043972","True","True","True","True"
"1624","3030","696","52341673323212","12950974","True","True","True","True"
"1625","3036","276","52361472121313","12272428","True","True","True","True"
"1626","3036","303","52361472131312","10145787","True","True","True","True"
"1627","3040","325","52367142211121","10364904","True","True","True","True"
"1628","3041","446","52367412322232","8698383","True","True","True","True"
"1629","3044","16","52374161112323","8984275","True","True","True","True"
"1630","3047","607","52376413222223","9731071","True","True","True","True"
"1631","3062","584","52463173212332","11643691","True","True","True","True"
"1632","3063","584","52463713212332","11691202","True","True","True","True"
"1633","3067","126","52471631223113","8757649","True","True","True","True"
"1634","3067","207","52471631323112","8978775","True","True","True","True"
"1635","3074","426","52614372313211","14546453","True","True","True","True"
"1636","3085","582","52641733212311","8503278","True","True","True","True"
"1637","3085","637","52641733232321","8658469","True","True","True","True"
"1638","3093","631","52673413232123","8080062","True","True","True","True"
"1639","3096","151","52713461232323","7977702","True","True","True","True"
"1640","3098","144","52714361232113","13181326","True","True","True","True"
"1641","3099","589","52714633213223","8654688","True","True","True","True"
"1642","3099","613","52714633223123","8666805","True","True","True","True"
"1643","3103","153","52731641233112","7618263","True","True","True","True"
"1644","3103","207","52731641323112","7345842","True","True","True","True"
"1645","3106","203","52736141322233","8655975","True","True","True","True"
"1646","3108","426","52741362313211","9985283","True","True","True","True"
"1647","3108","427","52741362313223","11370233","True","True","True","True"
"1648","3109","287","52741632122333","12804654","True","True","True","True"
"1649","3109","295","52741632123323","15818702","True","True","True","True"
"1650","3109","336","52741632212213","13395623","True","True","True","True"
"1651","3109","338","52741632212231","13936774","True","True","True","True"
"1652","3109","390","52741632232211","12977256","True","True","True","True"
"1653","3109","599","52741633221233","12777538","True","True","True","True"
"1654","3109","672","52741633313312","12611233","True","True","True","True"
"1655","3109","673","52741633313321","13583280","True","True","True","True"
"1656","3109","679","52741633321223","15033400","True","True","True","True"
"1657","3109","699","52741633323311","13141517","True","True","True","True"
"1658","3111","3","52743611111213","8705224","True","True","True","True"
"1659","3111","6","52743611111312","10752352","True","True","True","True"
"1660","3111","11","52743611112131","8700173","True","True","True","True"
"1661","3111","19","52743611113121","10936750","True","True","True","True"
"1662","3111","297","52743612131111","8294188","True","True","True","True"
"1663","3111","513","52743613121111","10043584","True","True","True","True"
"1664","3115","3","52761431111213","8641228","True","True","True","True"
"1665","3115","6","52761431111312","8700229","True","True","True","True"
"1666","3115","11","52761431112131","9053522","True","True","True","True"
"1667","3115","19","52761431113121","9176729","True","True","True","True"
"1668","3115","297","52761432131111","8815172","True","True","True","True"
"1669","3115","513","52761433121111","8467153","True","True","True","True"
"1670","3116","611","52763143222331","13375694","True","True","True","True"
"1671","3117","123","52763411222312","17733314","True","True","True","True"
"1672","3117","235","52763411333123","12072889","True","True","True","True"
"1673","3117","603","52763413222112","18340079","True","True","True","True"
"1674","3117","618","52763413223312","18292145","True","True","True","True"
"1675","3117","690","52763413322312","17753215","True","True","True","True"
"1676","3122","140","53126471231231","10807243","True","True","True","True"
"1677","3122","142","53126471231321","8633753","True","True","True","True"
"1678","3122","196","53126471321321","9243626","True","True","True","True"
"1679","3128","293","53146272123233","12210097","True","True","True","True"
"1680","3130","290","53147262123131","8496420","True","True","True","True"
"1681","3133","661","53162743312223","19892945","True","True","True","True"
"1682","3164","571","53274163211222","11072770","True","True","True","True"
"1683","3174","189","53421671321111","11359681","True","True","True","True"
"1684","3174","194","53421671321231","7571264","True","True","True","True"
"1685","3176","14","53426171112233","8765516","True","True","True","True"
"1686","3183","25","53462711113322","11423859","True","True","True","True"
"1687","3185","189","53467211321111","7225120","True","True","True","True"
"1688","3190","207","53476121323112","9435043","True","True","True","True"
"1689","3190","214","53476121323322","9715559","True","True","True","True"
"1690","3195","91","53614721212121","12038660","True","True","True","True"
"1691","3198","220","53621471331221","7913972","True","True","True","True"
"1692","3206","0","53642171111111","9742521","True","True","True","True"
"1693","3212","354","53672142221213","16305490","True","True","True","True"
"1694","3219","396","53714622233111","13410021","True","True","True","True"
"1695","3222","618","53721463223312","9985936","True","True","True","True"
"1696","3225","270","53724612121112","11861079","True","True","True","True"
"1697","3226","721","53726143333121","8526885","True","True","True","True"
"1698","3229","207","53741621323112","8753208","True","True","True","True"
"1699","3229","225","53741621332112","9027377","True","True","True","True"
"1700","3231","458","53742612323333","10360952","True","True","True","True"
"1701","3234","273","53761242121211","11760136","True","True","True","True"
"1702","3234","354","53761242221213","12456644","True","True","True","True"
"1703","3234","435","53761242321212","11669358","True","True","True","True"
"1704","3236","611","53762143222331","9956918","True","True","True","True"
"1705","3237","685","53762413322123","10903741","True","True","True","True"
"1706","3240","646","54123673233323","9502216","True","True","True","True"
"1707","3242","220","54126371331221","8044828","True","True","True","True"
"1708","3245","300","54127632131213","11575604","True","True","True","True"
"1709","3245","363","54127632222212","10981246","True","True","True","True"
"1710","3245","543","54127633131212","11566310","True","True","True","True"
"1711","3245","566","54127633133333","12119811","True","True","True","True"
"1712","3245","726","54127633333313","11268211","True","True","True","True"
"1713","3254","76","54163271133221","8923224","True","True","True","True"
"1714","3254","396","54163272233111","11612645","True","True","True","True"
"1715","3256","27","54167231121113","8081557","True","True","True","True"
"1716","3256","54","54167231131112","8197917","True","True","True","True"
"1717","3256","111","54167231221211","8744889","True","True","True","True"
"1718","3256","237","54167231333213","8096488","True","True","True","True"
"1719","3256","252","54167232112112","8690951","True","True","True","True"
"1720","3256","321","54167232133313","9214292","True","True","True","True"
"1721","3256","477","54167232333113","8047188","True","True","True","True"
"1722","3256","638","54167233232333","10382418","True","True","True","True"
"1723","3256","705","54167233331213","9159519","True","True","True","True"
"1724","3259","555","54172633132313","11333159","True","True","True","True"
"1725","3268","399","54217362233213","18687979","True","True","True","True"
"1726","3269","309","54217632132212","16714699","True","True","True","True"
"1727","3270","45","54231671123111","8670500","True","True","True","True"
"1728","3270","532","54231673123121","7593671","True","True","True","True"
"1729","3276","532","54261373123121","8245589","True","True","True","True"
"1730","3277","383","54261732231233","10196334","True","True","True","True"
"1731","3286","402","54276132233312","9920114","True","True","True","True"
"1732","3288","62","54312671131331","8528247","True","True","True","True"
"1733","3288","333","54312672212111","9329888","True","True","True","True"
"1734","3288","654","54312673311311","15862518","True","True","True","True"
"1735","3292","18","54317261113112","7629857","True","True","True","True"
"1736","3293","4","54317621111222","9998776","True","True","True","True"
"1737","3294","336","54321672212213","13538505","True","True","True","True"
"1738","3294","338","54321672212231","12686032","True","True","True","True"
"1739","3294","390","54321672232211","13248368","True","True","True","True"
"1740","3294","672","54321673313312","19210225","True","True","True","True"
"1741","3294","673","54321673313321","19723138","True","True","True","True"
"1742","3294","699","54321673323311","19673966","True","True","True","True"
"1743","3295","85","54321761211221","8276393","True","True","True","True"
"1744","3295","504","54321763113113","11194171","True","True","True","True"
"1745","3296","5","54326171111231","11258538","True","True","True","True"
"1746","3296","14","54326171112233","7986125","True","True","True","True"
"1747","3296","194","54326171321231","8116877","True","True","True","True"
"1748","3297","12","54326711112212","10354360","True","True","True","True"
"1749","3299","374","54327612223232","9046491","True","True","True","True"
"1750","3300","374","54361272223232","9225116","True","True","True","True"
"1751","3302","20","54362171113133","9612556","True","True","True","True"
"1752","3303","5","54362711111231","7689827","True","True","True","True"
"1753","3303","207","54362711323112","9388762","True","True","True","True"
"1754","3304","12","54367121112212","11417994","True","True","True","True"
"1755","3304","21","54367121113211","9419256","True","True","True","True"
"1756","3304","26","54367121113331","13015461","True","True","True","True"
"1757","3304","325","54367122211121","10440995","True","True","True","True"
"1758","3304","405","54367122311111","9430640","True","True","True","True"
"1759","3304","648","54367123311113","9393901","True","True","True","True"
"1760","3305","67","54367211132222","12763395","True","True","True","True"
"1761","3305","107","54367211213333","15950962","True","True","True","True"
"1762","3305","119","54367211222132","13019018","True","True","True","True"
"1763","3305","237","54367211333213","13861831","True","True","True","True"
"1764","3305","331","54367212211322","15845086","True","True","True","True"
"1765","3305","379","54367212231122","13495276","True","True","True","True"
"1766","3305","399","54367212233213","12973928","True","True","True","True"
"1767","3305","471","54367212332213","13328418","True","True","True","True"
"1768","3305","477","54367212333113","13981734","True","True","True","True"
"1769","3305","499","54367213112222","15044882","True","True","True","True"
"1770","3305","659","54367213312133","14734117","True","True","True","True"
"1771","3306","26","54371261113331","9835738","True","True","True","True"
"1772","3307","18","54371621113112","11525723","True","True","True","True"
"1773","3307","25","54371621113322","7907144","True","True","True","True"
"1774","3310","203","54376121322233","9234201","True","True","True","True"
"1775","3311","2","54376211111132","9484280","True","True","True","True"
"1776","3311","4","54376211111222","8746579","True","True","True","True"
"1777","3311","20","54376211113133","9889915","True","True","True","True"
"1778","3312","15","54612371112311","14040095","True","True","True","True"
"1779","3312","362","54612372222131","10351487","True","True","True","True"
"1780","3313","256","54612732112223","9781356","True","True","True","True"
"1781","3313","687","54612733322213","9910097","True","True","True","True"
"1782","3318","78","54621371133311","9125103","True","True","True","True"
"1783","3318","325","54621372211121","9983164","True","True","True","True"
"1784","3329","63","54637211132111","7713408","True","True","True","True"
"1785","3330","354","54671232221213","10518576","True","True","True","True"
"1786","3336","213","54712361323313","9977121","True","True","True","True"
"1787","3336","376","54712362223322","10468749","True","True","True","True"
"1788","3340","360","54716232222113","10359018","True","True","True","True"
"1789","3341","16","54716321112323","10011307","True","True","True","True"
"1790","3341","427","54716322313223","8270462","True","True","True","True"
"1791","3343","0","54721631111111","31930121","True","True","True","True"
"1792","3343","37","54721631122121","9361725","True","True","True","True"
"1793","3343","164","54721631311133","8880191","True","True","True","True"
"1794","3343","320","54721632133232","8657992","True","True","True","True"
"1795","3343","337","54721632212222","9235589","True","True","True","True"
"1796","3343","338","54721632212231","8053612","True","True","True","True"
"1797","3343","628","54721633231322","8593164","True","True","True","True"
"1798","3343","673","54721633313321","9235165","True","True","True","True"
"1799","3343","728","54721633333331","8116756","True","True","True","True"
"1800","3345","303","54723612131312","12506729","True","True","True","True"
"1801","3345","355","54723612221222","10234984","True","True","True","True"
"1802","3345","363","54723612222212","10478990","True","True","True","True"
"1803","3345","519","54723613121312","11502611","True","True","True","True"
"1804","3345","726","54723613333313","11616690","True","True","True","True"
"1805","3354","691","54761233322321","8944332","True","True","True","True"
"1806","3359","446","54763212322232","8494653","True","True","True","True"
"1807","3360","123","56123471222312","12429787","True","True","True","True"
"1808","3360","130","56123471223221","11800577","True","True","True","True"
"1809","3360","224","56123471331332","15108451","True","True","True","True"
"1810","3360","235","56123471333123","12978272","True","True","True","True"
"1811","3360","442","56123472322121","12477483","True","True","True","True"
"1812","3360","467","56123472331331","11709472","True","True","True","True"
"1813","3360","560","56123473133132","13788668","True","True","True","True"
"1814","3360","563","56123473133231","11605445","True","True","True","True"
"1815","3360","603","56123473222112","11993667","True","True","True","True"
"1816","3360","618","56123473223312","11965533","True","True","True","True"
"1817","3360","690","56123473322312","12404463","True","True","True","True"
"1818","3362","5","56124371111231","7501708","True","True","True","True"
"1819","3362","151","56124371232323","10308492","True","True","True","True"
"1820","3365","718","56127433332323","9197108","True","True","True","True"
"1821","3366","485","56132472333332","9348305","True","True","True","True"
"1822","3366","567","56132473211111","9072337","True","True","True","True"
"1823","3366","588","56132473213211","9072977","True","True","True","True"
"1824","3374","718","56143273332323","11350907","True","True","True","True"
"1825","3376","119","56147231222132","20125353","True","True","True","True"
"1826","3376","237","56147231333213","12502358","True","True","True","True"
"1827","3376","399","56147232233213","13022086","True","True","True","True"
"1828","3376","471","56147232332213","13459723","True","True","True","True"
"1829","3376","477","56147232333113","13041583","True","True","True","True"
"1830","3377","482","56147322333233","11641427","True","True","True","True"
"1831","3381","18","56173421113112","7610465","True","True","True","True"
"1832","3382","458","56174232323333","10278050","True","True","True","True"
"1833","3383","144","56174321232113","12625346","True","True","True","True"
"1834","3384","0","56213471111111","10421728","True","True","True","True"
"1835","3385","674","56213743313333","12243996","True","True","True","True"
"1836","3398","558","56243173133111","11151150","True","True","True","True"
"1837","3399","521","56243713121333","11419615","True","True","True","True"
"1838","3400","482","56247132333233","9389266","True","True","True","True"
"1839","3403","492","56271433111313","12534426","True","True","True","True"
"1840","3403","537","56271433123313","12228591","True","True","True","True"
"1841","3403","555","56271433132313","12857935","True","True","True","True"
"1842","3406","461","56274132331133","9973344","True","True","True","True"
"1843","3407","426","56274312313211","14600240","True","True","True","True"
"1844","3414","646","56321473233323","8323380","True","True","True","True"
"1845","3415","324","56321742211112","12412776","True","True","True","True"
"1846","3416","116","56324171221331","8152624","True","True","True","True"
"1847","3419","89","56327411211332","8222029","True","True","True","True"
"1848","3419","585","56327413213112","8124765","True","True","True","True"
"1849","3420","516","56341273121213","11901436","True","True","True","True"
"1850","3420","543","56341273131212","10675273","True","True","True","True"
"1851","3424","482","56347122333233","10684568","True","True","True","True"
"1852","3425","99","56347211213111","8410075","True","True","True","True"
"1853","3425","119","56347211222132","8597976","True","True","True","True"
"1854","3425","171","56347211312111","7966840","True","True","True","True"
"1855","3425","218","56347211331131","7745987","True","True","True","True"
"1856","3425","247","56347212111221","14003426","True","True","True","True"
"1857","3425","249","56347212111311","10579189","True","True","True","True"
"1858","3425","293","56347212123233","9715553","True","True","True","True"
"1859","3425","391","56347212232223","9341182","True","True","True","True"
"1860","3425","489","56347213111211","10134475","True","True","True","True"
"1861","3425","548","56347213131332","8887833","True","True","True","True"
"1862","3440","140","56423171231231","7480022","True","True","True","True"
"1863","3440","142","56423171231321","9130841","True","True","True","True"
"1864","3440","196","56423171321321","8234826","True","True","True","True"
"1865","3440","253","56423172112121","9386411","True","True","True","True"
"1866","3440","550","56423173132121","8481377","True","True","True","True"
"1867","3440","558","56423173133111","9295269","True","True","True","True"
"1868","3447","523","56432713122122","9742656","True","True","True","True"
"1869","3456","144","56712341232113","8511294","True","True","True","True"
"1870","3456","568","56712343211123","9341422","True","True","True","True"
"1871","3462","539","56721343123331","10059823","True","True","True","True"
"1872","3463","419","56721432312233","11705786","True","True","True","True"
"1873","3465","24","56723411113313","8648184","True","True","True","True"
"1874","3465","27","56723411121113","8794460","True","True","True","True"
"1875","3465","54","56723411131112","8067997","True","True","True","True"
"1876","3465","123","56723411222312","7900427","True","True","True","True"
"1877","3465","285","56723412122312","7748965","True","True","True","True"
"1878","3465","454","56723412323222","8477442","True","True","True","True"
"1879","3465","597","56723413221212","8172021","True","True","True","True"
"1880","3465","603","56723413222112","8044010","True","True","True","True"
"1881","3465","702","56723413331111","8182771","True","True","True","True"
"1882","3470","522","56732143122113","11292341","True","True","True","True"
"1883","3474","33","56741231121311","8521793","True","True","True","True"
"1884","3474","57","56741231131211","11051937","True","True","True","True"
"1885","3474","83","56741231211131","10726860","True","True","True","True"
"1886","3474","163","56741231311121","8211242","True","True","True","True"
"1887","3474","243","56741232111113","9400011","True","True","True","True"
"1888","3474","486","56741233111112","9291559","True","True","True","True"
"1889","3479","283","56743212122222","10270987","True","True","True","True"
"1890","3479","355","56743212221222","12177493","True","True","True","True"
"1891","3479","516","56743213121213","12697130","True","True","True","True"
"1892","3479","519","56743213121312","11035708","True","True","True","True"
"1893","3479","710","56743213331333","11992638","True","True","True","True"
"1894","3480","0","57123461111111","9892664","True","True","True","True"
"1895","3503","303","57164322131312","9230116","True","True","True","True"
"1896","3506","212","57214361323232","7663534","True","True","True","True"
"1897","3507","336","57214632212213","16600862","True","True","True","True"
"1898","3514","23","57236141113232","8361850","True","True","True","True"
"1899","3514","203","57236141322233","8120759","True","True","True","True"
"1900","3514","212","57236141323232","11872314","True","True","True","True"
"1901","3517","198","57241631322113","7380595","True","True","True","True"
"1902","3517","207","57241631323112","7152123","True","True","True","True"
"1903","3520","14","57246131112233","9253157","True","True","True","True"
"1904","3526","250","57264132111323","10319376","True","True","True","True"
"1905","3535","162","57321641311112","8568441","True","True","True","True"
"1906","3535","407","57321642311132","8603184","True","True","True","True"
"1907","3551","348","57364212213311","11629417","True","True","True","True"
"1908","3551","426","57364212313211","9821411","True","True","True","True"
"1909","3551","712","57364213332122","7699894","True","True","True","True"
"1910","3597","25","57642311113322","8588788","True","True","True","True"
"1911","3600","385","61234572231323","9455968","True","True","True","True"
"1912","3600","633","61234573232213","8519607","True","True","True","True"
"1913","3603","182","61235741313131","14936749","True","True","True","True"
"1914","3616","631","61257343232123","8482840","True","True","True","True"
"1915","3620","182","61274351313131","11330038","True","True","True","True"
"1916","3621","385","61274532231323","9314139","True","True","True","True"
"1917","3636","403","61352472233321","7953216","True","True","True","True"
"1918","3636","426","61352472313211","15733773","True","True","True","True"
"1919","3661","168","61452731311313","11635463","True","True","True","True"
"1920","3663","0","61453721111111","10196884","True","True","True","True"
"1921","3663","162","61453721311112","8217691","True","True","True","True"
"1922","3663","487","61453723111121","8114116","True","True","True","True"
"1923","3667","296","61472532123332","9083843","True","True","True","True"
"1924","3667","495","61472533112111","7691496","True","True","True","True"
"1925","3677","0","61527431111111","10651821","True","True","True","True"
"1926","3680","407","61534272311132","10598356","True","True","True","True"
"1927","3681","15","61534721112311","9153703","True","True","True","True"
"1928","3681","21","61534721113211","8630265","True","True","True","True"
"1929","3686","0","61543271111111","11182021","True","True","True","True"
"1930","3686","15","61543271112311","9458815","True","True","True","True"
"1931","3691","421","61572432312323","8649455","True","True","True","True"
"1932","3705","611","61734523222331","11778159","True","True","True","True"
"1933","3720","439","62134572321323","11269817","True","True","True","True"
"1934","3722","37","62135471122121","9258898","True","True","True","True"
"1935","3722","308","62135472132131","7981129","True","True","True","True"
"1936","3722","524","62135473122131","7713554","True","True","True","True"
"1937","3722","532","62135473123121","10075744","True","True","True","True"
"1938","3722","542","62135473131131","9250703","True","True","True","True"
"1939","3722","550","62135473132121","9050175","True","True","True","True"
"1940","3722","635","62135473232231","8517019","True","True","True","True"
"1941","3722","691","62135473322321","9080527","True","True","True","True"
"1942","3723","611","62135743222331","9410683","True","True","True","True"
"1943","3723","661","62135743312223","15732155","True","True","True","True"
"1944","3730","532","62147353123121","8667701","True","True","True","True"
"1945","3730","550","62147353132121","7330629","True","True","True","True"
"1946","3735","676","62154733321121","7744731","True","True","True","True"
"1947","3736","309","62157342132212","11005322","True","True","True","True"
"1948","3739","632","62173543232132","8539625","True","True","True","True"
"1949","3740","38","62174351122133","11909148","True","True","True","True"
"1950","3741","651","62174533311212","10761373","True","True","True","True"
"1951","3748","495","62317453112111","7535571","True","True","True","True"
"1952","3748","660","62317453312211","12137380","True","True","True","True"
"1953","3757","496","62351743112123","13928966","True","True","True","True"
"1954","3762","654","62371453311311","10445862","True","True","True","True"
"1955","3765","204","62374511322311","7372726","True","True","True","True"
"1956","3765","502","62374513112321","8679733","True","True","True","True"
"1957","3765","657","62374513312112","7044030","True","True","True","True"
"1958","3776","326","62435172211133","12681167","True","True","True","True"
"1959","3776","407","62435172311132","13617666","True","True","True","True"
"1960","3777","121","62435711222222","8525641","True","True","True","True"
"1961","3783","649","62453713311122","10748999","True","True","True","True"
"1962","3787","389","62471532232133","8896987","True","True","True","True"
"1963","3790","205","62475131322323","8579799","True","True","True","True"
"1964","3798","437","62531472321233","9461436","True","True","True","True"
"1965","3807","81","62543711211113","9270824","True","True","True","True"
"1966","3807","162","62543711311112","7825502","True","True","True","True"
"1967","3811","437","62571432321233","11600240","True","True","True","True"
"1968","3826","615","62735143223213","10393500","True","True","True","True"
"1969","3843","16","63125741112323","15716705","True","True","True","True"
"1970","3843","545","63125743131233","8353013","True","True","True","True"
"1971","3843","564","63125743133312","8849564","True","True","True","True"
"1972","3846","0","63142571111111","9658753","True","True","True","True"
"1973","3846","70","63142571132321","13432144","True","True","True","True"
"1974","3846","496","63142573112123","13051820","True","True","True","True"
"1975","3858","421","63172452312323","7785064","True","True","True","True"
"1976","3858","426","63172452313211","16006130","True","True","True","True"
"1977","3861","470","63174522332132","8491837","True","True","True","True"
"1978","3875","47","63247511123132","7973175","True","True","True","True"
"1979","3877","563","63251743133231","12019112","True","True","True","True"
"1980","3903","168","63452711311313","9238692","True","True","True","True"
"1981","3903","481","63452712333221","8711013","True","True","True","True"
"1982","3907","290","63471522123131","9807848","True","True","True","True"
"1983","3907","452","63471522323132","10754847","True","True","True","True"
"1984","3907","470","63471522332132","8781021","True","True","True","True"
"1985","3909","296","63472512123332","9667682","True","True","True","True"
"1986","3913","674","63512743313333","12501761","True","True","True","True"
"1987","3924","93","63541271212211","14748715","True","True","True","True"
"1988","3927","521","63542713121333","13719547","True","True","True","True"
"1989","3935","290","63574212123131","8430749","True","True","True","True"
"1990","3935","426","63574212313211","13653685","True","True","True","True"
"1991","3937","351","63712542221111","9080370","True","True","True","True"
"1992","3938","290","63714252123131","10588220","True","True","True","True"
"1993","3939","16","63714521112323","10269953","True","True","True","True"
"1994","3939","470","63714522332132","7770192","True","True","True","True"
"1995","3943","160","63721541233322","8844663","True","True","True","True"
"1996","3944","516","63724153121213","12243537","True","True","True","True"
"1997","3946","16","63725141112323","15109663","True","True","True","True"
"1998","3946","154","63725141233121","10241918","True","True","True","True"
"1999","3946","290","63725142123131","13842031","True","True","True","True"
"2000","3946","371","63725142223133","12517217","True","True","True","True"
"2001","3946","522","63725143122113","11502676","True","True","True","True"
"2002","3946","537","63725143123313","16171702","True","True","True","True"
"2003","3948","367","63741252222323","9589485","True","True","True","True"
"2004","3949","290","63741522123131","9905713","True","True","True","True"
"2005","3951","148","63742511232221","9801993","True","True","True","True"
"2006","3952","525","63745123122212","8385547","True","True","True","True"
"2007","3954","358","63751242221321","11711935","True","True","True","True"
"2008","3955","528","63751423122311","10331841","True","True","True","True"
"2009","3956","0","63752141111111","12565741","True","True","True","True"
"2010","3956","39","63752141122211","10576461","True","True","True","True"
"2011","3956","48","63752141123213","8276215","True","True","True","True"
"2012","3956","470","63752142332132","7643800","True","True","True","True"
"2013","3956","535","63752143123223","8006279","True","True","True","True"
"2014","3956","583","63752143212323","7841601","True","True","True","True"
"2015","3956","613","63752143223123","9206441","True","True","True","True"
"2016","3957","129","63752411223212","8044479","True","True","True","True"
"2017","3957","237","63752411333213","13553633","True","True","True","True"
"2018","3957","421","63752412312323","10485765","True","True","True","True"
"2019","3957","441","63752412322112","8419584","True","True","True","True"
"2020","3957","477","63752412333113","13516681","True","True","True","True"
"2021","3959","523","63754213122122","8803413","True","True","True","True"
"2022","3962","60","64125371131313","13829894","True","True","True","True"
"2023","3977","75","64157321133212","18357986","True","True","True","True"
"2024","3990","407","64231572311132","10114435","True","True","True","True"
"2025","4000","22","64257131113223","8966044","True","True","True","True"
"2026","4003","597","64271533221212","9533703","True","True","True","True"
"2027","4006","94","64275131212223","10762294","True","True","True","True"
"2028","4006","172","64275131312123","10392538","True","True","True","True"
"2029","4006","326","64275132211133","12846660","True","True","True","True"
"2030","4006","389","64275132232133","12435344","True","True","True","True"
"2031","4006","621","64275133231112","11767489","True","True","True","True"
"2032","4006","660","64275133312211","9896768","True","True","True","True"
"2033","4007","17","64275311112332","9495059","True","True","True","True"
"2034","4007","121","64275311222222","8226561","True","True","True","True"
"2035","4007","660","64275313312211","8775949","True","True","True","True"
"2036","4014","245","64321572111131","10544857","True","True","True","True"
"2037","4014","308","64321572132131","8761989","True","True","True","True"
"2038","4014","407","64321572311132","9825876","True","True","True","True"
"2039","4017","517","64325713121222","17504960","True","True","True","True"
"2040","4020","308","64351272132131","8787763","True","True","True","True"
"2041","4025","426","64357212313211","10094320","True","True","True","True"
"2042","4025","628","64357213231322","12206107","True","True","True","True"
"2043","4025","660","64357213312211","11158517","True","True","True","True"
"2044","4044","93","64531271212211","14260999","True","True","True","True"
"2045","4044","308","64531272132131","8029713","True","True","True","True"
"2046","4044","524","64531273122131","7864619","True","True","True","True"
"2047","4044","532","64531273123121","10309093","True","True","True","True"
"2048","4044","654","64531273311311","8630565","True","True","True","True"
"2049","4044","660","64531273312211","8025346","True","True","True","True"
"2050","4052","40","64572131122223","8743536","True","True","True","True"
"2051","4058","495","64713253112111","7510806","True","True","True","True"
"2052","4080","15","65123471112311","8482467","True","True","True","True"
"2053","4080","158","65123471233232","7353886","True","True","True","True"
"2054","4080","420","65123472312311","8817080","True","True","True","True"
"2055","4086","90","65132471212112","9166914","True","True","True","True"
"2056","4086","117","65132471222111","8860306","True","True","True","True"
"2057","4086","142","65132471231321","10195816","True","True","True","True"
"2058","4086","208","65132471323121","9822244","True","True","True","True"
"2059","4086","302","65132472131231","7982140","True","True","True","True"
"2060","4086","338","65132472212231","13225098","True","True","True","True"
"2061","4086","403","65132472233321","10459269","True","True","True","True"
"2062","4086","494","65132473111331","10201755","True","True","True","True"
"2063","4086","672","65132473313312","8294521","True","True","True","True"
"2064","4086","699","65132473323311","8485727","True","True","True","True"
"2065","4087","133","65132741223323","8257166","True","True","True","True"
"2066","4087","611","65132743222331","10348596","True","True","True","True"
"2067","4089","158","65134721233232","9329493","True","True","True","True"
"2068","4097","144","65147321232113","11946983","True","True","True","True"
"2069","4099","71","65172431132333","10099239","True","True","True","True"
"2070","4102","290","65174232123131","8788293","True","True","True","True"
"2071","4102","321","65174232133313","8724759","True","True","True","True"
"2072","4102","456","65174232323312","9695570","True","True","True","True"
"2073","4102","696","65174233323212","9634177","True","True","True","True"
"2074","4102","705","65174233331213","9170588","True","True","True","True"
"2075","4103","426","65174322313211","9407856","True","True","True","True"
"2076","4103","613","65174323223123","9216227","True","True","True","True"
"2077","4105","0","65213741111111","10299070","True","True","True","True"
"2078","4116","0","65241371111111","9872981","True","True","True","True"
"2079","4119","277","65243712121322","13044659","True","True","True","True"
"2080","4122","233","65271341332331","9609992","True","True","True","True"
"2081","4123","383","65271432231233","9816037","True","True","True","True"
"2082","4126","0","65274131111111","11628212","True","True","True","True"
"2083","4126","168","65274131311313","8057651","True","True","True","True"
"2084","4126","174","65274131312213","9082942","True","True","True","True"
"2085","4126","296","65274132123332","8754886","True","True","True","True"
"2086","4126","553","65274133132223","8709921","True","True","True","True"
"2087","4126","637","65274133232321","7844515","True","True","True","True"
"2088","4126","661","65274133312223","8540220","True","True","True","True"
"2089","4130","407","65314272311132","8100555","True","True","True","True"
"2090","4130","426","65314272313211","13485571","True","True","True","True"
"2091","4134","244","65321472111122","10353025","True","True","True","True"
"2092","4157","144","65417321232113","8431329","True","True","True","True"
"2093","4157","613","65417323223123","7758785","True","True","True","True"
"2094","4157","631","65417323232123","8420983","True","True","True","True"
"2095","4161","682","65423713321322","9387920","True","True","True","True"
"2096","4166","637","65432173232321","9171695","True","True","True","True"
"2097","4170","66","65471231132213","11004527","True","True","True","True"
"2098","4181","613","65714323223123","9002598","True","True","True","True"
"2099","4184","681","65723143321313","8404649","True","True","True","True"
"2100","4191","235","65732411333123","17924092","True","True","True","True"
"2101","4197","96","65742311212313","8245220","True","True","True","True"
"2102","4207","78","67132541133311","14643403","True","True","True","True"
"2103","4217","564","67145323133312","9221276","True","True","True","True"
"2104","4222","701","67154233323332","13603106","True","True","True","True"
"2105","4228","722","67215343333133","11375929","True","True","True","True"
"2106","4231","207","67231541323112","10712038","True","True","True","True"
"2107","4231","694","67231543323122","10750931","True","True","True","True"
"2108","4233","712","67234513332122","8411563","True","True","True","True"
"2109","4240","187","67245131313323","8760460","True","True","True","True"
"2110","4241","15","67245311112311","12972198","True","True","True","True"
"2111","4241","77","67245311133233","10478771","True","True","True","True"
"2112","4247","56","67254311131133","14074009","True","True","True","True"
"2113","4247","648","67254313311113","8711394","True","True","True","True"
"2114","4248","403","67312452233321","8951303","True","True","True","True"
"2115","4249","31","67312541121221","8709221","True","True","True","True"
"2116","4249","351","67312542221111","11119023","True","True","True","True"
"2117","4254","1","67321451111123","8410726","True","True","True","True"
"2118","4254","15","67321451112311","9037939","True","True","True","True"
"2119","4254","93","67321451212211","14653199","True","True","True","True"
"2120","4254","164","67321451311133","9407383","True","True","True","True"
"2121","4254","244","67321452111122","8751894","True","True","True","True"
"2122","4254","510","67321453113311","9809788","True","True","True","True"
"2123","4255","389","67321542232133","9283768","True","True","True","True"
"2124","4260","367","67341252222323","9875943","True","True","True","True"
"2125","4263","360","67342512222113","9945181","True","True","True","True"
"2126","4264","371","67345122223133","12991566","True","True","True","True"
"2127","4264","389","67345122232133","12533593","True","True","True","True"
"2128","4265","1","67345211111123","8391653","True","True","True","True"
"2129","4265","2","67345211111132","9056250","True","True","True","True"
"2130","4265","14","67345211112233","8720627","True","True","True","True"
"2131","4265","25","67345211113322","8457771","True","True","True","True"
"2132","4265","82","67345211211122","9388210","True","True","True","True"
"2133","4265","164","67345211311133","9248539","True","True","True","True"
"2134","4265","244","67345212111122","8485071","True","True","True","True"
"2135","4265","488","67345213111133","9986276","True","True","True","True"
"2136","4270","0","67354121111111","9716222","True","True","True","True"
"2137","4271","91","67354211212121","9533226","True","True","True","True"
"2138","4271","180","67354211313113","13933352","True","True","True","True"
"2139","4271","234","67354211333111","13876678","True","True","True","True"
"2140","4271","247","67354212111221","9650014","True","True","True","True"
"2141","4271","337","67354212212222","9054277","True","True","True","True"
"2142","4271","407","67354212311132","9160414","True","True","True","True"
"2143","4271","492","67354213111313","11151108","True","True","True","True"
"2144","4271","546","67354213131311","10638025","True","True","True","True"
"2145","4271","569","67354213211132","9040604","True","True","True","True"
"2146","4271","674","67354213313333","9103110","True","True","True","True"
"2147","4272","550","67412353132121","10499586","True","True","True","True"
"2148","4272","715","67412353332221","8182214","True","True","True","True"
"2149","4273","56","67412531131133","10009054","True","True","True","True"
"2150","4288","225","67435121332112","7575964","True","True","True","True"
"2151","4288","532","67435123123121","7615127","True","True","True","True"
"2152","4293","680","67452313321232","10762285","True","True","True","True"
"2153","4320","628","71234563231322","10111677","True","True","True","True"
"2154","4339","238","71263541333222","12803768","True","True","True","True"
"2155","4339","451","71263542323123","12924536","True","True","True","True"
"2156","4341","547","71264533131323","12988333","True","True","True","True"
"2157","4341","601","71264533221323","12815151","True","True","True","True"
"2158","4341","625","71264533231223","15004874","True","True","True","True"
"2159","4341","627","71264533231313","13677014","True","True","True","True"
"2160","4348","87","71326451211311","8401547","True","True","True","True"
"2161","4348","550","71326453132121","8210535","True","True","True","True"
"2162","4349","726","71326543333313","12153250","True","True","True","True"
"2163","4352","308","71345262132131","9474632","True","True","True","True"
"2164","4362","510","71362453113311","9981258","True","True","True","True"
"2165","4367","708","71365423331312","11505323","True","True","True","True"
"2166","4368","590","71423563213232","9460392","True","True","True","True"
"2167","4369","590","71423653213232","8874155","True","True","True","True"
"2168","4372","660","71426353312211","9455965","True","True","True","True"
"2169","4373","724","71426533333223","10690642","True","True","True","True"
"2170","4374","151","71432561232323","9550295","True","True","True","True"
"2171","4374","212","71432561323232","7449983","True","True","True","True"
"2172","4374","247","71432562111221","8904293","True","True","True","True"
"2173","4374","633","71432563232213","9481556","True","True","True","True"
"2174","4374","693","71432563323113","8026038","True","True","True","True"
"2175","4374","694","71432563323122","8611159","True","True","True","True"
"2176","4374","711","71432563332113","8090151","True","True","True","True"
"2177","4376","203","71435261322233","11069973","True","True","True","True"
"2178","4376","361","71435262222122","10035461","True","True","True","True"
"2179","4376","568","71435263211123","11755821","True","True","True","True"
"2180","4376","649","71435263311122","10978008","True","True","True","True"
"2181","4376","722","71435263333133","11182759","True","True","True","True"
"2182","4376","724","71435263333223","11289250","True","True","True","True"
"2183","4377","728","71435623333331","11024605","True","True","True","True"
"2184","4378","720","71436253333112","12106167","True","True","True","True"
"2185","4380","590","71452363213232","8657091","True","True","True","True"
"2186","4381","362","71452632222131","11564697","True","True","True","True"
"2187","4382","364","71453262222221","9264744","True","True","True","True"
"2188","4383","649","71453623311122","12610434","True","True","True","True"
"2189","4385","205","71456321322323","8772450","True","True","True","True"
"2190","4385","247","71456322111221","9185565","True","True","True","True"
"2191","4387","25","71462531113322","11004716","True","True","True","True"
"2192","4387","246","71462532111212","9488832","True","True","True","True"
"2193","4387","270","71462532121112","9798094","True","True","True","True"
"2194","4387","490","71462533111223","11776550","True","True","True","True"
"2195","4387","594","71462533221113","9642633","True","True","True","True"
"2196","4389","706","71463523331222","9848213","True","True","True","True"
"2197","4392","546","71523463131311","12518921","True","True","True","True"
"2198","4392","627","71523463231313","12960562","True","True","True","True"
"2199","4392","708","71523463331312","12352290","True","True","True","True"
"2200","4398","602","71532463221332","9535738","True","True","True","True"
"2201","4400","283","71534262122222","12100721","True","True","True","True"
"2202","4405","556","71542633132322","9310153","True","True","True","True"
"2203","4407","245","71543622111131","7879743","True","True","True","True"
"2204","4407","487","71543623111121","8764338","True","True","True","True"
"2205","4408","705","71546233331213","12021076","True","True","True","True"
"2206","4409","381","71546322231212","12459251","True","True","True","True"
"2207","4411","536","71562433123232","8986189","True","True","True","True"
"2208","4412","598","71563243221221","10077695","True","True","True","True"
"2209","4421","587","71625433213133","16118429","True","True","True","True"
"2210","4430","381","71643252231212","12257913","True","True","True","True"
"2211","4431","705","71643523331213","12604611","True","True","True","True"
"2212","4440","417","72134562312212","11393946","True","True","True","True"
"2213","4445","203","72136541322233","8451619","True","True","True","True"
"2214","4446","611","72143563222331","8544247","True","True","True","True"
"2215","4447","27","72143651121113","8593683","True","True","True","True"
"2216","4447","54","72143651131112","9147560","True","True","True","True"
"2217","4447","99","72143651213111","8317379","True","True","True","True"
"2218","4447","171","72143651312111","8182536","True","True","True","True"
"2219","4447","249","72143652111311","8336315","True","True","True","True"
"2220","4447","489","72143653111211","8291959","True","True","True","True"
"2221","4449","157","72145631233223","8156457","True","True","True","True"
"2222","4449","635","72145633232231","8185356","True","True","True","True"
"2223","4449","661","72145633312223","13239727","True","True","True","True"
"2224","4450","391","72146352232223","9785041","True","True","True","True"
"2225","4458","283","72163452122222","12143331","True","True","True","True"
"2226","4458","516","72163453121213","10218251","True","True","True","True"
"2227","4458","543","72163453131212","11547176","True","True","True","True"
"2228","4458","566","72163453133333","9878592","True","True","True","True"
"2229","4458","710","72163453331333","12163276","True","True","True","True"
"2230","4460","540","72164353131113","11856391","True","True","True","True"
"2231","4463","26","72165431113331","8457514","True","True","True","True"
"2232","4463","243","72165432111113","8789115","True","True","True","True"
"2233","4463","244","72165432111122","11696792","True","True","True","True"
"2234","4463","324","72165432211112","9612793","True","True","True","True"
"2235","4463","456","72165432323312","8497871","True","True","True","True"
"2236","4463","486","72165433111112","8263635","True","True","True","True"
"2237","4463","521","72165433121333","9130708","True","True","True","True"
"2238","4463","599","72165433221233","8692292","True","True","True","True"
"2239","4463","646","72165433233323","9396964","True","True","True","True"
"2240","4463","679","72165433321223","8080595","True","True","True","True"
"2241","4463","705","72165433331213","8910388","True","True","True","True"
"2242","4473","0","72345611111111","11511221","True","True","True","True"
"2243","4473","72","72345611133113","7906728","True","True","True","True"
"2244","4473","112","72345611221223","7186691","True","True","True","True"
"2245","4473","121","72345611222222","7803019","True","True","True","True"
"2246","4473","224","72345611331332","8418395","True","True","True","True"
"2247","4473","279","72345612122111","9005757","True","True","True","True"
"2248","4473","467","72345612331331","7124485","True","True","True","True"
"2249","4473","598","72345613221221","7592678","True","True","True","True"
"2250","4473","728","72345613333331","9602716","True","True","True","True"
"2251","4480","16","72356141112323","9236231","True","True","True","True"
"2252","4480","144","72356141232113","8522839","True","True","True","True"
"2253","4480","568","72356143211123","8161989","True","True","True","True"
"2254","4482","638","72361453232333","8193866","True","True","True","True"
"2255","4483","482","72361542333233","14652392","True","True","True","True"
"2256","4487","363","72365412222212","8959415","True","True","True","True"
"2257","4487","519","72365413121312","12746786","True","True","True","True"
"2258","4487","543","72365413131212","9313516","True","True","True","True"
"2259","4487","710","72365413331333","9497590","True","True","True","True"
"2260","4496","726","72435163333313","13457403","True","True","True","True"
"2261","4513","151","72513641232323","8504205","True","True","True","True"
"2262","4513","160","72513641233322","9918377","True","True","True","True"
"2263","4516","427","72516342313223","9232796","True","True","True","True"
"2264","4518","680","72531463321232","10160000","True","True","True","True"
"2265","4520","568","72534163211123","10594319","True","True","True","True"
"2266","4525","3","72541631111213","8698846","True","True","True","True"
"2267","4525","6","72541631111312","9671146","True","True","True","True"
"2268","4525","11","72541631112131","9055948","True","True","True","True"
"2269","4525","19","72541631113121","9408216","True","True","True","True"
"2270","4525","297","72541632131111","8314632","True","True","True","True"
"2271","4525","513","72541633121111","10305440","True","True","True","True"
"2272","4526","405","72543162311111","7925009","True","True","True","True"
"2273","4526","567","72543163211111","8804406","True","True","True","True"
"2274","4527","112","72543611221223","11616580","True","True","True","True"
"2275","4527","130","72543611223221","12172438","True","True","True","True"
"2276","4527","224","72543611331332","13742054","True","True","True","True"
"2277","4527","233","72543611332331","12345005","True","True","True","True"
"2278","4527","467","72543612331331","11676329","True","True","True","True"
"2279","4527","554","72543613132232","14885314","True","True","True","True"
"2280","4527","562","72543613133222","12022425","True","True","True","True"
"2281","4527","598","72543613221221","12565150","True","True","True","True"
"2282","4527","618","72543613223312","13866571","True","True","True","True"
"2283","4527","690","72543613322312","14338860","True","True","True","True"
"2284","4529","207","72546311323112","8199119","True","True","True","True"
"2285","4529","696","72546313323212","9166871","True","True","True","True"
"2286","4530","427","72561342313223","12318687","True","True","True","True"
"2287","4531","343","72561432213122","14584793","True","True","True","True"
"2288","4531","599","72561433221233","12926489","True","True","True","True"
"2289","4531","653","72561433311233","16640796","True","True","True","True"
"2290","4531","677","72561433321133","13874688","True","True","True","True"
"2291","4531","679","72561433321223","13690790","True","True","True","True"
"2292","4533","3","72563411111213","8564135","True","True","True","True"
"2293","4533","6","72563411111312","8408536","True","True","True","True"
"2294","4533","11","72563411112131","11559643","True","True","True","True"
"2295","4533","19","72563411113121","9183586","True","True","True","True"
"2296","4533","297","72563412131111","8335634","True","True","True","True"
"2297","4533","513","72563413121111","8216807","True","True","True","True"
"2298","4551","582","72643513212311","8640125","True","True","True","True"
"2299","4551","584","72643513212332","8019272","True","True","True","True"
"2300","4562","560","73125463133132","9598441","True","True","True","True"
"2301","4571","266","73146522113231","7799449","True","True","True","True"
"2302","4594","660","73246153312211","8333118","True","True","True","True"
"2303","4624","628","73456123231322","9512391","True","True","True","True"
"2304","4636","693","73516243323113","8249017","True","True","True","True"
"2305","4636","713","73516243332131","8799239","True","True","True","True"
"2306","4644","435","73541262321212","11010586","True","True","True","True"
"2307","4646","677","73542163321133","11053012","True","True","True","True"
"2308","4647","550","73542613132121","8053911","True","True","True","True"
"2309","4647","556","73542613132322","8231927","True","True","True","True"
"2310","4655","682","73564213321322","10648063","True","True","True","True"
"2311","4658","16","73614251112323","10970124","True","True","True","True"
"2312","4660","16","73615241112323","14544116","True","True","True","True"
"2313","4660","25","73615241113322","11887762","True","True","True","True"
"2314","4660","371","73615242223133","11566105","True","True","True","True"
"2315","4660","537","73615243123313","10932425","True","True","True","True"
"2316","4660","591","73615243213313","11306079","True","True","True","True"
"2317","4660","708","73615243331312","11006875","True","True","True","True"
"2318","4660","717","73615243332311","11407204","True","True","True","True"
"2319","4661","25","73615421113322","8552785","True","True","True","True"
"2320","4661","588","73615423213211","11368914","True","True","True","True"
"2321","4661","728","73615423333331","9008008","True","True","True","True"
"2322","4665","515","73624513121132","14574517","True","True","True","True"
"2323","4665","713","73624513332131","13077627","True","True","True","True"
"2324","4666","16","73625141112323","10731609","True","True","True","True"
"2325","4666","516","73625143121213","9109231","True","True","True","True"
"2326","4666","726","73625143333313","9507654","True","True","True","True"
"2327","4667","367","73625412222323","9344109","True","True","True","True"
"2328","4671","0","73642511111111","12336560","True","True","True","True"
"2329","4671","23","73642511113232","10596279","True","True","True","True"
"2330","4671","25","73642511113322","10551428","True","True","True","True"
"2331","4671","616","73642513223222","11526162","True","True","True","True"
"2332","4672","21","73645121113211","10414870","True","True","True","True"
"2333","4672","366","73645122222311","9949661","True","True","True","True"
"2334","4673","126","73645211223113","7576768","True","True","True","True"
"2335","4673","135","73645211231111","9689170","True","True","True","True"
"2336","4673","189","73645211321111","7577571","True","True","True","True"
"2337","4673","225","73645211332112","7878137","True","True","True","True"
"2338","4673","500","73645213112231","8181168","True","True","True","True"
"2339","4673","720","73645213333112","8680811","True","True","True","True"
"2340","4674","25","73651241113322","9148975","True","True","True","True"
"2341","4677","573","73652413211312","9787696","True","True","True","True"
"2342","4677","709","73652413331321","10994260","True","True","True","True"
"2343","4678","244","73654122111122","12185724","True","True","True","True"
"2344","4678","351","73654122221111","8480525","True","True","True","True"
"2345","4679","2","73654211111132","9997325","True","True","True","True"
"2346","4680","697","74123563323221","7841137","True","True","True","True"
"2347","4681","442","74123652322121","12166561","True","True","True","True"
"2348","4681","554","74123653132232","15574817","True","True","True","True"
"2349","4681","560","74123653133132","12667680","True","True","True","True"
"2350","4681","562","74123653133222","12545727","True","True","True","True"
"2351","4681","563","74123653133231","11554297","True","True","True","True"
"2352","4683","186","74125631313311","8300355","True","True","True","True"
"2353","4683","271","74125632121121","8674013","True","True","True","True"
"2354","4683","279","74125632122111","8035355","True","True","True","True"
"2355","4683","297","74125632131111","8294336","True","True","True","True"
"2356","4683","440","74125632321332","8056293","True","True","True","True"
"2357","4683","513","74125633121111","10140409","True","True","True","True"
"2358","4683","545","74125633131233","7897927","True","True","True","True"
"2359","4683","554","74125633132232","7178528","True","True","True","True"
"2360","4683","562","74125633133222","7591469","True","True","True","True"
"2361","4683","564","74125633133312","10109807","True","True","True","True"
"2362","4683","718","74125633332323","9495191","True","True","True","True"
"2363","4684","478","74126352333122","11209882","True","True","True","True"
"2364","4686","194","74132561321231","10543401","True","True","True","True"
"2365","4686","271","74132562121121","9794285","True","True","True","True"
"2366","4686","279","74132562122111","9168703","True","True","True","True"
"2367","4686","544","74132563131221","11288009","True","True","True","True"
"2368","4686","549","74132563132112","9208439","True","True","True","True"
"2369","4691","442","74136522322121","11378794","True","True","True","True"
"2370","4692","554","74152363132232","11190831","True","True","True","True"
"2371","4692","560","74152363133132","11267962","True","True","True","True"
"2372","4692","562","74152363133222","12726554","True","True","True","True"
"2373","4692","563","74152363133231","11244488","True","True","True","True"
"2374","4697","280","74156322122123","8560185","True","True","True","True"
"2375","4697","286","74156322122321","8773239","True","True","True","True"
"2376","4697","427","74156322313223","8789035","True","True","True","True"
"2377","4697","557","74156323132331","8293751","True","True","True","True"
"2378","4697","559","74156323133123","8560397","True","True","True","True"
"2379","4700","28","74163251121122","9523106","True","True","True","True"
"2380","4700","255","74163252112211","8826120","True","True","True","True"
"2381","4700","297","74163252131111","9511306","True","True","True","True"
"2382","4700","513","74163253121111","9437468","True","True","True","True"
"2383","4700","548","74163253131332","7933111","True","True","True","True"
"2384","4700","560","74163253133132","7805193","True","True","True","True"
"2385","4700","561","74163253133213","8461840","True","True","True","True"
"2386","4700","563","74163253133231","8052990","True","True","True","True"
"2387","4700","718","74163253332323","8651493","True","True","True","True"
"2388","4702","30","74165231121212","14901413","True","True","True","True"
"2389","4702","60","74165231131313","14009902","True","True","True","True"
"2390","4702","91","74165231212121","14165994","True","True","True","True"
"2391","4702","182","74165231313131","14634888","True","True","True","True"
"2392","4702","246","74165232111212","14803543","True","True","True","True"
"2393","4702","270","74165232121112","14081010","True","True","True","True"
"2394","4702","273","74165232121211","14250778","True","True","True","True"
"2395","4702","492","74165233111313","15402853","True","True","True","True"
"2396","4702","540","74165233131113","14131277","True","True","True","True"
"2397","4702","546","74165233131311","14998362","True","True","True","True"
"2398","4702","547","74165233131323","14205350","True","True","True","True"
"2399","4702","555","74165233132313","15292463","True","True","True","True"
"2400","4702","627","74165233231313","15309925","True","True","True","True"
"2401","4705","452","74213652323132","8197232","True","True","True","True"
"2402","4717","492","74251633111313","11205602","True","True","True","True"
"2403","4721","193","74256311321222","15597678","True","True","True","True"
"2404","4721","491","74256313111232","18133002","True","True","True","True"
"2405","4727","482","74265312333233","9426557","True","True","True","True"
"2406","4729","485","74312652333332","9410635","True","True","True","True"
"2407","4734","650","74321563311131","10086638","True","True","True","True"
"2408","4735","646","74321653233323","10276265","True","True","True","True"
"2409","4736","547","74325163131323","10948642","True","True","True","True"
"2410","4737","355","74325612221222","8931257","True","True","True","True"
"2411","4737","519","74325613121312","11382106","True","True","True","True"
"2412","4737","543","74325613131212","8941073","True","True","True","True"
"2413","4737","566","74325613133333","9590639","True","True","True","True"
"2414","4746","497","74361253112132","10797570","True","True","True","True"
"2415","4746","572","74361253211231","7884613","True","True","True","True"
"2416","4751","31","74365211121221","8618178","True","True","True","True"
"2417","4751","99","74365211213111","8125346","True","True","True","True"
"2418","4751","171","74365211312111","8019327","True","True","True","True"
"2419","4751","180","74365211313113","8878904","True","True","True","True"
"2420","4751","234","74365211333111","8843164","True","True","True","True"
"2421","4751","249","74365212111311","8185586","True","True","True","True"
"2422","4751","367","74365212222323","8423105","True","True","True","True"
"2423","4751","485","74365212333332","8008095","True","True","True","True"
"2424","4751","489","74365213111211","8572882","True","True","True","True"
"2425","4751","521","74365213121333","8357931","True","True","True","True"
"2426","4752","203","74512361322233","10901356","True","True","True","True"
"2427","4752","427","74512362313223","8149292","True","True","True","True"
"2428","4754","517","74513263121222","16588037","True","True","True","True"
"2429","4759","363","74521632222212","10931613","True","True","True","True"
"2430","4759","516","74521633121213","12273225","True","True","True","True"
"2431","4759","519","74521633121312","11293616","True","True","True","True"
"2432","4759","566","74521633133333","12477205","True","True","True","True"
"2433","4759","726","74521633333313","11157924","True","True","True","True"
"2434","4761","27","74523611121113","8579934","True","True","True","True"
"2435","4761","54","74523611131112","8883564","True","True","True","True"
"2436","4761","99","74523611213111","8762641","True","True","True","True"
"2437","4761","171","74523611312111","8323856","True","True","True","True"
"2438","4761","249","74523612111311","8661523","True","True","True","True"
"2439","4761","489","74523613111211","8298068","True","True","True","True"
"2440","4766","535","74532163123223","9917791","True","True","True","True"
"2441","4770","4","74561231111222","8747040","True","True","True","True"
"2442","4770","243","74561232111113","8875762","True","True","True","True"
"2443","4770","351","74561232221111","9840877","True","True","True","True"
"2444","4770","486","74561233111112","9596176","True","True","True","True"
"2445","4770","545","74561233131233","8623661","True","True","True","True"
"2446","4770","646","74561233233323","10151373","True","True","True","True"
"2447","4770","653","74561233311233","8637315","True","True","True","True"
"2448","4770","677","74561233321133","8514454","True","True","True","True"
"2449","4770","681","74561233321313","10383822","True","True","True","True"
"2450","4775","152","74563211232332","8521662","True","True","True","True"
"2451","4799","562","74653213133222","10004672","True","True","True","True"
"2452","4806","644","75132463233233","9956334","True","True","True","True"
"2453","4814","627","75143263231313","12076516","True","True","True","True"
"2454","4817","215","75146321323331","10983424","True","True","True","True"
"2455","4825","371","75213642223133","9516013","True","True","True","True"
"2456","4830","568","75231463211123","13816013","True","True","True","True"
"2457","4832","203","75234161322233","8537158","True","True","True","True"
"2458","4832","351","75234162221111","11288352","True","True","True","True"
"2459","4834","590","75236143213232","7950874","True","True","True","True"
"2460","4837","367","75241632222323","9773818","True","True","True","True"
"2461","4838","331","75243162211322","16646614","True","True","True","True"
"2462","4839","23","75243611113232","8807644","True","True","True","True"
"2463","4839","590","75243613213232","7672186","True","True","True","True"
"2464","4840","240","75246131333312","10782478","True","True","True","True"
"2465","4841","0","75246311111111","20467824","True","True","True","True"
"2466","4841","582","75246313212311","9097970","True","True","True","True"
"2467","4841","660","75246313312211","8830146","True","True","True","True"
"2468","4841","719","75246313332332","8830736","True","True","True","True"
"2469","4843","293","75261432123233","10073180","True","True","True","True"
"2470","4846","275","75264132121232","10469483","True","True","True","True"
"2471","4846","377","75264132223331","8192679","True","True","True","True"
"2472","4846","435","75264132321212","11009132","True","True","True","True"
"2473","4846","521","75264133121333","8852574","True","True","True","True"
"2474","4846","705","75264133331213","8973110","True","True","True","True"
"2475","4847","127","75264311223122","9555818","True","True","True","True"
"2476","4847","621","75264313231112","10976702","True","True","True","True"
"2477","4848","722","75312463333133","11288511","True","True","True","True"
"2478","4851","76","75314621133221","7162611","True","True","True","True"
"2479","4851","183","75314621313212","15609901","True","True","True","True"
"2480","4851","505","75314623113122","8050814","True","True","True","True"
"2481","4852","140","75316241231231","11262693","True","True","True","True"
"2482","4854","162","75321461311112","8764051","True","True","True","True"
"2483","4854","550","75321463132121","7929058","True","True","True","True"
"2484","4864","317","75346122133133","10063530","True","True","True","True"
"2485","4865","73","75346211133122","8397203","True","True","True","True"
"2486","4865","87","75346211211311","10665853","True","True","True","True"
"2487","4865","165","75346211311211","7922244","True","True","True","True"
"2488","4865","458","75346212323333","10121115","True","True","True","True"
"2489","4865","497","75346213112132","7580284","True","True","True","True"
"2490","4865","550","75346213132121","7917102","True","True","True","True"
"2491","4865","556","75346213132322","7995865","True","True","True","True"
"2492","4865","712","75346213332122","8480301","True","True","True","True"
"2493","4873","134","75412631223332","7317565","True","True","True","True"
"2494","4877","633","75416323232213","9802370","True","True","True","True"
"2495","4884","561","75431263133213","11196189","True","True","True","True"
"2496","4892","291","75462132123212","14777198","True","True","True","True"
"2497","4898","548","75613243131332","11318912","True","True","True","True"
"2498","4898","561","75613243133213","9207936","True","True","True","True"
"2499","4912","694","75634123323122","8816376","True","True","True","True"
"2500","4915","630","75641323232111","8346178","True","True","True","True"
"2501","4916","348","75642132213311","8078244","True","True","True","True"
"2502","4920","646","76123453233323","8632875","True","True","True","True"
"2503","4924","722","76125343333133","11435499","True","True","True","True"
"2504","4934","303","76143252131312","9510440","True","True","True","True"
"2505","4934","355","76143252221222","9671143","True","True","True","True"
"2506","4934","543","76143253131212","9796091","True","True","True","True"
"2507","4934","710","76143253331333","9068559","True","True","True","True"
"2508","4934","726","76143253333313","12720658","True","True","True","True"
"2509","4936","27","76145231121113","8062195","True","True","True","True"
"2510","4936","36","76145231122112","13970470","True","True","True","True"
"2511","4936","54","76145231131112","8714235","True","True","True","True"
"2512","4936","108","76145231221112","13941659","True","True","True","True"
"2513","4936","170","76145231311331","7849211","True","True","True","True"
"2514","4936","296","76145232123332","8424936","True","True","True","True"
"2515","4936","399","76145232233213","10413849","True","True","True","True"
"2516","4936","465","76145232331313","8104136","True","True","True","True"
"2517","4936","471","76145232332213","10771480","True","True","True","True"
"2518","4936","561","76145233133213","8607951","True","True","True","True"
"2519","4936","638","76145233232333","8180797","True","True","True","True"
"2520","4943","720","76154323333112","9987543","True","True","True","True"
"2521","4945","587","76213543213133","10314858","True","True","True","True"
"2522","4945","656","76213543311332","9673823","True","True","True","True"
"2523","4948","140","76215341231231","9286103","True","True","True","True"
"2524","4949","722","76215433333133","11009129","True","True","True","True"
"2525","4950","45","76231451123111","8816129","True","True","True","True"
"2526","4961","29","76245311121131","8558654","True","True","True","True"
"2527","4961","55","76245311131121","7707060","True","True","True","True"
"2528","4961","105","76245311213312","8150253","True","True","True","True"
"2529","4961","308","76245312132131","8315352","True","True","True","True"
"2530","4961","523","76245313122122","8100124","True","True","True","True"
"2531","4961","532","76245313123121","8152378","True","True","True","True"
"2532","4964","47","76253141123132","7549146","True","True","True","True"
"2533","4964","89","76253141211332","7404140","True","True","True","True"
"2534","4965","690","76253413322312","10164369","True","True","True","True"
"2535","4966","655","76254133311323","16301958","True","True","True","True"
"2536","4967","567","76254313211111","14494801","True","True","True","True"
"2537","4968","333","76312452212111","15066117","True","True","True","True"
"2538","4968","567","76312453211111","8816749","True","True","True","True"
"2539","4968","654","76312453311311","9693573","True","True","True","True"
"2540","4969","435","76312542321212","9463832","True","True","True","True"
"2541","4969","442","76312542322121","8867122","True","True","True","True"
"2542","4969","688","76312543322222","11749730","True","True","True","True"
"2543","4972","9","76315241112113","9277819","True","True","True","True"
"2544","4972","18","76315241113112","7945159","True","True","True","True"
"2545","4972","126","76315241223113","7745599","True","True","True","True"
"2546","4972","199","76315241322122","8197241","True","True","True","True"
"2547","4972","213","76315241323313","8641970","True","True","True","True"
"2548","4972","225","76315241332112","7908197","True","True","True","True"
"2549","4972","572","76315243211231","7516950","True","True","True","True"
"2550","4972","700","76315243323323","9044733","True","True","True","True"
"2551","4974","280","76321452122123","12888427","True","True","True","True"
"2552","4974","286","76321452122321","13148664","True","True","True","True"
"2553","4974","287","76321452122333","12888349","True","True","True","True"
"2554","4974","295","76321452123323","14950845","True","True","True","True"
"2555","4974","338","76321452212231","12478133","True","True","True","True"
"2556","4974","343","76321452213122","13113394","True","True","True","True"
"2557","4974","641","76321453233131","13708393","True","True","True","True"
"2558","4974","653","76321453311233","15655860","True","True","True","True"
"2559","4974","672","76321453313312","14716854","True","True","True","True"
"2560","4974","677","76321453321133","13066481","True","True","True","True"
"2561","4974","699","76321453323311","15003495","True","True","True","True"
"2562","4975","324","76321542211112","12486690","True","True","True","True"
"2563","4975","567","76321543211111","8389606","True","True","True","True"
"2564","4975","650","76321543311131","9266370","True","True","True","True"
"2565","4976","14","76324151112233","8610092","True","True","True","True"
"2566","4976","16","76324151112323","10416546","True","True","True","True"
"2567","4976","694","76324153323122","8507631","True","True","True","True"
"2568","4979","3","76325411111213","8904306","True","True","True","True"
"2569","4979","6","76325411111312","10987740","True","True","True","True"
"2570","4979","11","76325411112131","8135515","True","True","True","True"
"2571","4979","19","76325411113121","8923074","True","True","True","True"
"2572","4979","37","76325411122121","8813850","True","True","True","True"
"2573","4979","222","76325411331311","9492715","True","True","True","True"
"2574","4979","253","76325412112121","11066762","True","True","True","True"
"2575","4979","381","76325412231212","9511859","True","True","True","True"
"2576","4979","482","76325412333233","9460226","True","True","True","True"
"2577","4979","607","76325413222223","8753455","True","True","True","True"
"2578","4980","3","76341251111213","8689781","True","True","True","True"
"2579","4980","6","76341251111312","10833932","True","True","True","True"
"2580","4980","11","76341251112131","9569706","True","True","True","True"
"2581","4980","19","76341251113121","8771476","True","True","True","True"
"2582","4980","109","76341251221121","9193206","True","True","True","True"
"2583","4980","168","76341251311313","8809251","True","True","True","True"
"2584","4980","393","76341252232313","8600296","True","True","True","True"
"2585","4980","458","76341252323333","9435226","True","True","True","True"
"2586","4980","597","76341253221212","9704373","True","True","True","True"
"2587","4980","641","76341253233131","7807358","True","True","True","True"
"2588","4983","5","76342511111231","7357138","True","True","True","True"
"2589","4983","7","76342511111321","9466959","True","True","True","True"
"2590","4983","207","76342511323112","7774788","True","True","True","True"
"2591","4983","391","76342512232223","9326574","True","True","True","True"
"2592","4983","585","76342513213112","11321055","True","True","True","True"
"2593","4983","684","76342513322111","11788812","True","True","True","True"
"2594","4983","694","76342513323122","8226985","True","True","True","True"
"2595","4983","696","76342513323212","8872659","True","True","True","True"
"2596","4984","324","76345122211112","12118537","True","True","True","True"
"2597","4984","325","76345122211121","9716453","True","True","True","True"
"2598","4984","348","76345122213311","8113601","True","True","True","True"
"2599","4984","405","76345122311111","9799266","True","True","True","True"
"2600","4984","567","76345123211111","8269943","True","True","True","True"
"2601","4984","648","76345123311113","9554560","True","True","True","True"
"2602","4984","650","76345123311131","9121386","True","True","True","True"
"2603","4984","660","76345123312211","7774917","True","True","True","True"
"2604","4987","16","76351421112323","11228903","True","True","True","True"
"2605","4987","25","76351421113322","8349417","True","True","True","True"
"2606","4987","680","76351423321232","8822114","True","True","True","True"
"2607","4990","30","76354121121212","10318217","True","True","True","True"
"2608","4990","37","76354121122121","8663826","True","True","True","True"
"2609","4990","168","76354121311313","8829725","True","True","True","True"
"2610","4990","182","76354121313131","9732142","True","True","True","True"
"2611","4990","246","76354122111212","11315818","True","True","True","True"
"2612","4990","253","76354122112121","9415655","True","True","True","True"
"2613","4990","337","76354122212222","8982602","True","True","True","True"
"2614","4990","568","76354123211123","9625697","True","True","True","True"
"2615","4990","569","76354123211132","8358767","True","True","True","True"
"2616","4990","674","76354123313333","9818428","True","True","True","True"
"2617","4991","349","76354212213323","8935098","True","True","True","True"
"2618","4991","419","76354212312233","9189007","True","True","True","True"
"2619","4991","430","76354212313322","9784729","True","True","True","True"
"2620","4991","485","76354212333332","8992965","True","True","True","True"
"2621","4991","607","76354213222223","8823654","True","True","True","True"
"2622","4991","661","76354213312223","8275777","True","True","True","True"
"2623","4998","55","76421351131121","7145405","True","True","True","True"
"2624","5016","591","76512343213313","14324358","True","True","True","True"
"2625","5016","717","76512343332311","14285315","True","True","True","True"
"2626","5021","16","76514321112323","9578497","True","True","True","True"
"2627","5021","144","76514321232113","8827643","True","True","True","True"
"2628","5023","638","76521433232333","8539312","True","True","True","True"
"2629","5025","617","76523413223231","8984353","True","True","True","True"
"2630","5027","706","76524313331222","11104216","True","True","True","True"
"2631","5034","300","76541232131213","14680511","True","True","True","True"
"2632","5034","355","76541232221222","9024612","True","True","True","True"
"2633","5034","516","76541233121213","9307776","True","True","True","True"
"2634","5034","710","76541233331333","10021886","True","True","True","True"
"2635","5034","726","76541233333313","11329001","True","True","True","True"
"2636","5039","0","76543211111111","19257690","True","True","True","True"
"2637","5039","90","76543211212112","9886384","True","True","True","True"
"2638","5039","130","76543211223221","8018132","True","True","True","True"
"2639","5039","233","76543211332331","8010107","True","True","True","True"
"2640","5039","242","76543211333333","8852950","True","True","True","True"
"2641","5039","313","76543212132323","8830355","True","True","True","True"
"2642","5039","364","76543212222221","8474708","True","True","True","True"
"2643","5039","453","76543212323213","8710678","True","True","True","True"
"2644","5039","506","76543213113131","8765824","True","True","True","True"
